,,ChannelInfo,Category,Subscribers ,Avg.Views ,NoxScore
1,    -   ,   T-Series ,  Music  , 155M ↑  0.7% ,  3.18M   ↑   41.3% ,5
2,    -   ,   PewDiePie ,  Entertainment  , 107M   -   ,  5.23M   ↑   6.3% ,4.71
3,    -   ,   Cocomelon - Nursery Rhymes ,  Education  , 94.7M ↑  0.6% ,  36.43M    ↓     1.3% ,5
4, 4     -   ,   SET India ,  Entertainment  , 84.2M ↑  1% ,  24.27K   ↑   55.8% ,4.52
5, 5     -   ,   5-Minute Crafts ,  Howto & Style  , 68.6M ↑  0.1% ,  1.91M   ↑   27.6% ,4.24
6, 6     -   ,   WWE ,  Sports  , 67M ↑  0.6% ,  202.99K   ↑   58.9% ,4.62
7, 7     -   ,   ✿ Kids Diana Show ,  Entertainment  , 64.5M ↑  0.9% ,  21.84M    ↓     17.2% ,4.88
8, 8     -   ,   Zee Music Company ,  Music  , 62.5M ↑  0.6% ,  316.03K    ↓     45.7% ,4.31
9, 9     -   ,   Like Nastya ,  Entertainment  , 61.4M ↑  0.8% ,  34.74M   ↑   0.3% ,4.88
10, 10     -   ,   Canal KondZilla ,  Music  , 60.7M ↑  0.3% ,  286.71K    ↓     5% ,3.88
11, 11     -   ,   Justin Bieber ,  Music  , 57.3M ↑  0.4% ,  3.56M   ↑   1.3% ,2.37
12, 12   ↑   1  ,   Vlad and Niki ,  Entertainment  , 53.9M ↑  1.5% ,  64.13M    ↓     0.7% ,4.88
13, 13     ↓    1  ,   Dude Perfect ,  Sports  , 53.6M ↑  0.2% ,  23.39M   ↑   2.4% ,5
14, 14     -   ,   Zee TV ,  Entertainment  , 51.5M ↑  0.6% ,  560.76K    ↓     8.3% ,4.26
15, 15   ↑   1  ,   BLACKPINK ,  Music  , 49.8M ↑  2.7% ,  22.32M    ↓     53.7% ,5
16, 16     ↓    1  ,   Marshmello ,  Music  , 48.8M ↑  0.4% ,  2.89M   ↑   1.7% ,4.72
17, 17     -   ,   Ed Sheeran ,  Music  , 45.6M   -   ,  33.02M   ↑   0.8% ,1.01
18, 18     -   ,   Big Hit Labels ,  Music  , 44.8M ↑  0.9% ,  28.59M   ↑   4.5% ,5
19, 19   ↑   1  ,   Movieclips ,  Film & Animation  , 44.5M ↑  0.9% ,  15.47K   ↑   36.4% ,3.81
20, 20     ↓    1  ,   EminemMusic ,  Music  , 44.5M ↑  0.2% ,  20.18M   ↑   0.9% ,1.11
21, 21     -   ,   MrBeast ,  Entertainment  , 44.1M ↑  0.9% ,  37.4M   ↑   4.4% ,4.95
22, 22     -   ,   Ariana Grande ,  Music  , 43.4M ↑  0.2% ,  805.39K   ↑   1.5% ,1.06
23, 23     -   ,   Badabun ,  Entertainment  , 43.4M ↑  0.2% ,  49.41K    ↓     31.1% ,3.51
24, 24     -   ,   Shemaroo Filmi Gaane ,  Music  , 42.2M ↑  0.7% ,  89.24K   ↑   29.2% ,4.34
25, 25     -   ,   Goldmines Telefilms ,  Film & Animation  , 42M ↑  0.7% ,  301.66K    ↓     1.4% ,4.22
26, 26     -   ,   Aaj Tak ,  News & Politics  , 41.7M ↑  0.2% ,  16.02K    ↓     52.8% ,2.58
27, 27     -   ,   HolaSoyGerman. ,  Entertainment  , 41.6M   -   ,  32.44M   ↑   0.1% ,0.95
28, 28     -   ,   JuegaGerman ,  Entertainment  , 41.5M ↑  0.5% ,  3.13M   ↑   0.3% ,3.98
29, 29     -   ,   whinderssonnunes ,  Comedy  , 41M ↑  0.2% ,  7.12M   ↑   0.7% ,4.69
30, 30     -   ,   ChuChu TV Nursery Rhymes & Kids Songs ,  Education  , 40.5M ↑  0.8% ,  4.01M   ↑   2.8% ,4.95
31, 31     -   ,   Taylor Swift ,  Music  , 39.9M   -   ,  3.51M   ↑   0.4% ,1.74
32, 32     -   ,   Felipe Neto ,  Entertainment  , 39.7M ↑  0.5% ,  2.52M   ↑   9.9% ,4.16
33, 33   ↑   2  ,   Pinkfong! Kids' Songs & Stories ,  Education  , 38.9M ↑  0.8% ,  1.17M   ↑   3.5% ,3.92
34, 34     -   ,   Sony Music India ,  Music  , 38.9M ↑  0.8% ,  7.44M    ↓     7% ,5
35, 35   ↑   1  ,   Katy Perry ,  Music  , 38.7M ↑  0.3% ,  972.9K   ↑   0.1% ,1.45
36, 36     ↓    3  ,   elrubiusOMG ,  Entertainment  , 38.7M ↑  0.3% ,  11.56M   ↑   0.7% ,4.65
37, 37     -   ,   Wave Music ,  Music  , 38.3M ↑  0.5% ,  827.44K   ↑   77.6% ,3.95
38, 38   ↑   1  ,   SAB TV ,  Entertainment  , 38.1M ↑  1.1% ,  56.45K   ↑   2% ,3.85
39, 39     ↓    1  ,   Fernanfloo ,  Gaming  , 38M ↑  0.3% ,  21.66M   ↑   0.5% ,2.99
40, 40   ↑   1  ,   BANGTANTV ,  Music  , 37.7M ↑  1.3% ,  4.99M    ↓     25.5% ,5
41, 41     ↓    1  ,   TheEllenShow ,  Entertainment  , 37.6M   -   ,  35.11K    ↓     92% ,3.22
42, 42     -   ,   Você Sabia? ,  Entertainment  , 37.3M ↑  0.3% ,  2.53M    ↓     11.3% ,4.37
43, 43     -   ,   El Reino Infantil ,  Music  , 37.3M ↑  0.5% ,  1.58M   ↑   17.2% ,3.76
44, 44     -   ,   BRIGHT SIDE ,  Howto & Style  , 36.8M ↑  0.5% ,  222.71K    ↓     4.6% ,3.86
45, 45     -   ,   Alan Walker ,  Music  , 36.6M ↑  0.5% ,  7.99M   ↑   2.8% ,1.82
46, 46     -   ,   Rihanna ,  Entertainment  , 35.4M   -   ,  778.6K   ↑   0.4% ,1.03
47, 47     -   ,   LooLoo Kids - Nursery Rhymes and Children's Songs ,  Music  , 34.5M ↑  0.9% ,  16.51M   ↑   2.7% ,5
48, 48     -   ,   Billie Eilish ,  Music  , 34.1M ↑  0.6% ,  25.5M    ↓     1.5% ,1.73
49, 49     -   ,   YRF ,  Film & Animation  , 33.9M ↑  0.6% ,  2.55M    ↓     5.6% ,3.05
50, 50   ↑   1  ,   One Direction ,  Music  , 33.7M ↑  0.3% ,  1.72M   ↑   0.4% ,1
51, 51     ↓    1  ,   Luisito Comunica ,  Comedy  , 33.7M ↑  0.3% ,  3.25M   ↑   8.1% ,4.66
52, 52     -   ,   T-Series Bhakti Sagar ,  Music  , 33.3M ↑  0.6% ,  60.88K   ↑   31.6% ,4.06
53, 53     -   ,   Little Baby Bum - Nursery Rhymes & Kids Songs ,  Education  , 32.9M ↑  0.3% ,  688.01K   ↑   0.4% ,3.64
54, 54   ↑   2  ,   Tips Official ,  Music  , 32.6M ↑  0.9% ,  1.41M   ↑   9.4% ,3.73
55, 55     ↓    1  ,   JustinBieberVEVO ,  Music  , 32.5M   -   ,  14.88M   ↑   2.8% ,4.98
56, 56   ↑   3  ,   Like Nastya Show ,  Entertainment  , 32.5M ↑  0.9% ,  11.23M   ↑   10.7% ,4.88
57, 57     ↓    2  ,   Speed Records ,  Music  , 32.5M ↑  0.3% ,  80.69K    ↓     46.5% ,3.65
58, 58     ↓    1  ,   Get Movies ,  Entertainment  , 32.4M ↑  0.6% ,  335.32K   ↑   1.4% ,3.27
59, 59     ↓    1  ,   LUCCAS NETO - LUCCAS TOON ,  Entertainment  , 32.3M ↑  0.3% ,  2.29M   ↑   14.3% ,4.07
60, 60     -   ,   Maroon 5 ,  Music  , 32M ↑  0.3% ,  4.77M   ↑   2.5% ,1.24
61, 61     -   ,   SonyMusicIndiaVEVO ,  Music  , 31.8M ↑  0.3% ,  1.29M   ↑   6.7% ,3.21
62, 62     -   ,   Daddy Yankee ,  Music  , 31.2M ↑  0.3% ,  113.85M   ↑   0.4% ,4.7
63, 63     -   ,   VEGETTA777 ,  Gaming  , 31.2M ↑  0.3% ,  1.55M    ↓     18.9% ,3.58
64, 64     -   ,   GR6 EXPLODE ,  Music  , 31.1M ↑  0.7% ,  280.89K    ↓     53.4% ,3.89
65, 65     -   ,   Маша и Медведь ,  Education  , 30.9M ↑  0.3% ,  2.36M   ↑   8.1% ,3.59
66, 66     -   ,   WorkpointOfficial ,  Entertainment  , 30.8M ↑  0.3% ,  31.26K   ↑   118.1% ,3.36
67, 67     -   ,   Shakira ,  Music  , 30.6M ↑  0.3% ,  4.02M   ↑   0.5% ,2.62
68, 68     -   ,   Ozuna ,  Music  , 30.4M ↑  0.7% ,  32.28M   ↑   9.8% ,4.95
69, 69     -   ,   WorkpointOfficial , , 29.8M ↑  0.3% ,  1.48M    -    ,0
70, 70     -   ,   ABS-CBN Entertainment ,  Entertainment  , 29.8M ↑  0.3% ,  10.44K   ↑   1173.8% ,2.93
71, 71     -   ,   Trap Nation ,  Music  , 29.3M ↑  0.3% ,  194.73K    ↓     3.2% ,3.17
72, 72     -   ,   Colors TV ,  Entertainment  , 29.1M ↑  1% ,  90.2K   ↑   1502.6% ,3.3
73, 73     -   ,   J Balvin ,  Music  , 28.7M ↑  0.4% ,  2.69M   ↑   0.4% ,2.84
74, 74     -   ,   Bruno Mars ,  Music  , 28.3M ↑  0.4% ,  109.89M    ↓     10.7% ,0.98
75, 75     -   ,   Luis Fonsi ,  Entertainment  , 28.2M ↑  0.4% ,  254.06K   ↑   0.6% ,1.55
76, 76     -   ,   XXXTENTACION ,  Music  , 28M ↑  0.4% ,  4.87M   ↑   2.1% ,0.94
77, 77   ↑   1  ,   NoCopyrightSounds ,  Music  , 27.9M ↑  0.4% ,  980.04K    ↓     0.1% ,3.31
78, 78     ↓    1  ,   rezendeevil ,  Entertainment  , 27.9M   -   ,  515.31K   ↑   15.2% ,3.64
79, 79   ↑   1  ,   Bad Bunny ,  Music  , 27.7M ↑  0.4% ,  62.37M   ↑   2.8% ,4.62
80, 80     ↓    1  ,   Spinnin' Records ,  Music  , 27.7M   -   ,  146.78K   ↑   41.9% ,3.18
81, 81     -   ,   Infobells - Hindi ,  Education  , 27.5M ↑  0.7% ,  3.69M   ↑   12.3% ,4.69
82, 82   ↑   1  ,   TEDx Talks ,  Nonprofits & Activism  , 27.1M ↑  0.7% ,  824    ↓     59.7% ,2.74
83, 83     ↓    1  ,   Markiplier ,  Gaming  , 27M ↑  0.4% ,  2.52M   ↑   3.6% ,3.61
84, 84     -   ,   Selena Gomez ,  Film & Animation  , 26.8M ↑  0.4% ,  6.06M   ↑   1.7% ,3.39
85, 85     -   ,   Ryan's World ,  Entertainment  , 26.7M ↑  0.4% ,  2.48M    ↓     10.6% ,4.43
86, 86   ↑   1  ,   Boram Tube Vlog [보람튜브 브이로그] ,  Entertainment  , 26.6M ↑  0.4% ,  66.48M   ↑   1.9% ,1.02
87, 87     ↓    1  ,   TaylorSwiftVEVO ,  Music  , 26.5M   -   ,  7.94M   ↑   1.9% ,3.96
88, 88     -   ,   ABP NEWS ,  News & Politics  , 26.5M ↑  0.4% ,  12.87K   ↑   178.8% ,2.38
89, 89   ↑   6  ,   The Tonight Show Starring Jimmy Fallon ,  Comedy  , 26.4M ↑  3.1% ,  2.25M   ↑   1504.1% ,3.21
90, 90     -   ,   Venus ,  Music  , 26.3M ↑  1.1% ,  274.59K   ↑   47% ,3.54
91, 91     ↓    2  ,   Shawn Mendes ,  Music  , 26.2M ↑  0.4% ,  1.73M   ↑   0.4% ,0.96
92, 92     ↓    1  ,   Shemaroo ,  Entertainment  , 26M ↑  0.4% ,  457.78K    ↓     1.6% ,3.68
93, 93     -   ,   CarryMinati ,  Comedy  , 25.9M ↑  0.8% ,  30.45M   ↑   1.3% ,4.94
94, 94     ↓    2  ,   Atta Halilintar ,  Entertainment  , 25.8M ↑  0.4% ,  1.17M    ↓     4.4% ,3.75
95, 95     ↓    1  ,   GENIAL ,  Howto & Style  , 25.8M ↑  0.4% ,  142.28K   ↑   4.9% ,3.49
96, 96     -   ,   Kimberly Loaiza ,  People & Blogs  , 25.7M ↑  0.4% ,  13.29M   ↑   2.2% ,5
97, 97   ↑   1  ,   RihannaVEVO ,  Music  , 25.6M   -   ,  115.2M   ↑   0.2% ,0.96
98, 98   ↑   2  ,   one31 ,  Entertainment  , 25.6M ↑  0.8% ,  22.5K   ↑   458.6% ,2.88
99, 99     ↓    2  ,   BST Kids - Nursery Rhymes & Songs ,  Entertainment  , 25.6M   -   ,  195.6K    ↓     7.7% ,2.75
100, 100     ↓    1  ,   EminemVEVO ,  Music  , 25.5M   -   ,  57.06M   ↑   0.4% ,0.92
101, 101   ↑   3  ,   Toys and Colors ,  Entertainment  , 25.4M ↑  0.4% ,  4.22M    ↓     3.5% ,4.76
102, 102     ↓    1  ,   KatyPerryVEVO ,  Music  , 25.4M   -   ,  8.08M   ↑   1.6% ,4.46
103, 103     -   ,   Maluma ,  Music  , 25.4M ↑  0.4% ,  35.43M   ↑   0.9% ,3.5
104, 104     ↓    2  ,   Baby Doli - ToyPudding ,  Entertainment  , 25.4M ↑  0.4% ,  976.66K   ↑   21.9% ,3.2
105, 105   ↑   1  ,   VanossGaming ,  Gaming  , 25.3M ↑  0.4% ,  1.96M   ↑   21.3% ,3.31
106, 106     ↓    1  ,   AuronPlay ,  Comedy  , 25.3M ↑  0.4% ,  11.7M   ↑   1.2% ,4.25
107, 107   ↑   1  ,   Ch3Thailand ,  Entertainment  , 25.2M ↑  0.8% ,  948    ↓     89.8% ,2.99
108, 108   ↑   2  ,   Eros Now ,  Entertainment  , 25.1M ↑  0.4% ,  181.05K    ↓     8.6% ,3.17
109, 109   ↑   2  ,   shfa ,  People & Blogs  , 25.1M ↑  0.8% ,  7.45M    ↓     6.8% ,4.76
110, 110     ↓    3  ,   Smosh ,  Comedy  , 25.1M   -   ,  801.76K    ↓     0.7% ,3.1
111, 111     ↓    2  ,   CVS 3D Rhymes & Kids Songs ,  Education  , 25M   -   ,  42.17M   ↑   1.5% ,0.99
112, 112   ↑   1  ,   Ultra Bollywood ,  Entertainment  , 24.9M ↑  0.4% ,  541.64K   ↑   12.5% ,3.26
113, 113     ↓    1  ,   jacksepticeye ,  Gaming  , 24.9M ↑  0.4% ,  2.44M   ↑   7.4% ,3.59
114, 114     -   ,   Ultra Music ,  Music  , 24.8M ↑  0.4% ,  53.3K    ↓     6.7% ,3.06
115, 115     -   ,   T-Series Apna Punjab ,  Music  , 24.8M ↑  0.8% ,  1.01M    ↓     38.4% ,3.75
116, 116   ↑   1  ,   Super Simple Songs - Kids Songs ,  Education  , 24.7M ↑  0.4% ,  5.58M   ↑   3.2% ,4.06
117, 117   ↑   2  ,   Gaane Sune Ansune ,  Music  , 24.6M ↑  0.8% ,  96.46K   ↑   29.6% ,3.36
118, 118     -   ,   The Late Late Show with James Corden ,  Entertainment  , 24.6M   -   ,  171.67K   ↑   5.7% ,3.24
119, 119     ↓    3  ,   Yuya ,  Howto & Style  , 24.6M   -   ,  876.5K    ↓     1.1% ,2.55
120, 120   ↑   1  ,   SMTOWN ,  Music  , 24.2M ↑  0.4% ,  2.87M   ↑   0.1% ,4.52
121, 121   ↑   2  ,   Galinha Pintadinha ,  Film & Animation  , 24.2M ↑  0.4% ,  276.8M   ↑   0.5% ,4.63
122, 122     ↓    2  ,   WORLDSTARHIPHOP ,  Music  , 24.2M   -   ,  93.41K   ↑   3% ,3.35
123, 123     ↓    1  ,   Ninja ,  Gaming  , 24.1M   -   ,  496.41K   ↑   17.7% ,3.08
124, 124   ↑   1  ,   Geet MP3 ,  Music  , 23.9M ↑  0.8% ,  5.15M   ↑   2.5% ,4.81
125, 125   ↑   1  ,   LosPolinesios ,  People & Blogs  , 23.8M ↑  0.4% ,  5.53M   ↑   0.7% ,4.65
126, 126     ↓    2  ,   DanTDM ,  Gaming  , 23.8M ↑  0.4% ,  2.75M   ↑   3% ,3.99
127, 127   ↑   2  ,   A4 ,  Entertainment  , 23.6M ↑  0.9% ,  13.11M    ↓     9.8% ,4.88
128, 128     ↓    1  ,   enchufetv ,  Comedy  , 23.6M   -   ,  427.21K    ↓     66.5% ,3.13
129, 129   ↑   1  ,   La Granja de Zenón ,  Music  , 23.5M ↑  0.4% ,  2.95M   ↑   6.6% ,4.32
130, 130     ↓    2  ,   Mr Bean ,  Comedy  , 23.5M ↑  0.4% ,  788.97K    ↓     6.6% ,3.52
131, 131     -   ,   ImagineDragons ,  Music  , 23.4M ↑  0.4% ,  208.59K   ↑   0.4% ,1.01
132, 132   ↑   1  ,   Drake ,  Music  , 22.9M ↑  0.4% ,  7.7M   ↑   0.7% ,1.04
133, 133   ↑   1  ,   Like Nastya ESP ,  Entertainment  , 22.9M ↑  0.4% ,  3.34M   ↑   1.1% ,4.76
134, 134     ↓    2  ,   WatchMojo.com ,  Entertainment  , 22.9M   -   ,  88.3K    ↓     11.7% ,3.43
135, 135   ↑   1  ,   Rajshri ,  Entertainment  , 22.7M ↑  0.4% ,  21.02K    ↓     4.7% ,3.02
136, 136   ↑   1  ,   Wiz Khalifa ,  Music  , 22.7M ↑  0.4% ,  2.72M    ↓     10.3% ,2.55
137, 137     ↓    2  ,   IndiaTV ,  News & Politics  , 22.7M ↑  0.4% ,  9.11K   ↑   384.2% ,2.89
138, 138   ↑   1  ,   Maria Clara & JP ,  Entertainment  , 22.7M ↑  0.9% ,  21.54M   ↑   10.9% ,4.88
139, 139     ↓    1  ,   Ricis Official ,  Entertainment  , 22.6M ↑  0.4% ,  1.19M    ↓     8.5% ,3.71
140, 140   ↑   1  ,   James Charles ,  Entertainment  , 22.6M ↑  0.9% ,  9.54M    ↓     4.3% ,5
141, 141     ↓    1  ,   Logan Paul ,  Entertainment  , 22.4M   -   ,  5.97M   ↑   0.9% ,4.34
142, 142     -   ,   OneDirectionVEVO ,  Music  , 22.4M   -   ,  185.29K   ↑   12.7% ,1.57
143, 143     -   ,   SSSniperWolf ,  Entertainment  , 22.4M ↑  0.9% ,  3.75M   ↑   13.3% ,5
144, 144     -   ,   Adele ,  Music  , 22.2M   -   ,  10.96M   ↑   0% ,0.91
145, 145   ↑   1  ,   Lucas and Marcus ,  Entertainment  , 22.2M ↑  0.4% ,  2.22M   ↑   6% ,3.74
146, 146   ↑   2  ,   Collins Key ,  Entertainment  , 22.1M ↑  0.4% ,  20.96M    ↓     2.3% ,4.41
147, 147     ↓    2  ,   David Guetta ,  Music  , 22.1M   -   ,  2.41M   ↑   4.4% ,3.31
148, 148     ↓    1  ,   1MILLION Dance Studio ,  Entertainment  , 22M   -   ,  283.41K   ↑   29% ,3.14
149, 149     -   ,   KSI ,  Music  , 21.9M   -   ,  7.45M   ↑   0.4% ,4.27
150, 150     -   ,   Beyoncé ,  Music  , 21.7M   -   ,  1.82M   ↑   1.9% ,2.77
151, 151     -   ,   Nicki Minaj ,  Music  , 21.5M   -   ,  5.76M   ↑   0.8% ,2.28
152, 152   ↑   2  ,   Amit Bhadana ,  Entertainment  , 21.5M ↑  0.5% ,  24.15M   ↑   1.8% ,4.61
153, 153     ↓    1  ,   nigahiga ,  Entertainment  , 21.5M   -   ,  1.51M   ↑   1% ,0.91
154, 154   ↑   2  ,   shfa2 - شفا ,  People & Blogs  , 21.5M ↑  1.4% ,  2.32M    ↓     11.2% ,4.74
155, 155     -   ,   DisneyMusicVEVO ,  Music  , 21.4M ↑  0.5% ,  74.49K   ↑   5.7% ,3.48
156, 156     ↓    3  ,   shane ,  Comedy  , 21.4M   -   ,  25.01M   ↑   0.1% ,0.91
157, 157   ↑   1  ,   NickyJamTV ,  Music  , 21.2M ↑  0.5% ,  36.01M   ↑   0.5% ,2.83
158, 158     ↓    1  ,   قناة طيور الجنة | toyoraljanahtv ,  Music  , 21.1M   -   ,  697.98K   ↑   4.2% ,3.09
159, 159     -   ,   Talking Tom ,  Gaming  , 21.1M ↑  0.5% ,  33.12M    ↓     5.1% ,4.95
160, 160   ↑   6  ,   ashish chanchlani vines ,  Comedy  , 21.1M ↑  2.4% ,  30.78M    ↓     1.4% ,2.99
161, 161     -   ,   Las Ratitas ,  Entertainment  , 21M ↑  0.5% ,  11.16M    ↓     0.8% ,3.32
162, 162     -   ,   Jkk Entertainment ,  Comedy  , 21M ↑  1% ,  43.13M    ↓     11.3% ,4.95
163, 163     ↓    3  ,   The Chainsmokers ,  Music  , 20.9M   -   ,  169.69K   ↑   1% ,0.95
164, 164     ↓    1  ,   1theK (원더케이) ,  Entertainment  , 20.9M ↑  0.5% ,  41.71K    ↓     76.1% ,3.28
165, 165     ↓    1  ,   Valentina Pontes ,  Entertainment  , 20.7M ↑  0.5% ,  409.39K    ↓     11.9% ,3.91
166, 166     ↓    1  ,   Troom Troom ,  Howto & Style  , 20.7M ↑  0.5% ,  2.84M   ↑   16.8% ,4.75
167, 167     -   ,   Desi Music Factory ,  Music  , 20.7M ↑  1% ,  77.07M   ↑   1.4% ,4.88
168, 168     -   ,   The Weeknd ,  Music  , 20.5M   -   ,  16.82M   ↑   0.4% ,1.98
169, 169   ↑   2  ,   Jake Paul ,  People & Blogs  , 20.3M ↑  0.5% ,  4.48M   ↑   1.1% ,4.33
170, 170     ↓    1  ,   JennaMarbles ,  Comedy  , 20.2M   ↓   0.5% ,  4.16M   ↑   0.5% ,0.94
171, 171   ↑   2  ,   Chris Brown ,  Music  , 20.2M ↑  0.5% ,  1.59M   ↑   0.1% ,0.97
172, 172     -   ,   DrossRotzank ,  Entertainment  , 20.2M ↑  0.5% ,  3.61M    ↓     2.3% ,4.21
173, 173   ↑   2  ,   Marília Mendonça ,  Music  , 20.2M ↑  0.5% ,  101.16M   ↑   1% ,4.8
174, 174     ↓    4  ,   BuzzFeedVideo ,  People & Blogs  , 20.2M   -   ,  505.77K    ↓     23.8% ,2.99
175, 175     ↓    1  ,   FBE ,  Entertainment  , 20.1M   -   ,  294.16K    ↓     1.6% ,3
176, 176     -   ,   CanalCanalha ,  Comedy  , 20M   -   ,  3.3M   ↑   1.3% ,2.87
177, 177     -   ,   Enrique Iglesias ,  Music  , 19.9M ↑  0.5% ,  236.5K   ↑   4.4% ,0.99
178, 178   ↑   3  ,   TheDonato ,  Gaming  , 19.8M ↑  1% ,  2.47M    ↓     6.8% ,4.54
179, 179     -   ,   Post Malone ,  Music  , 19.8M ↑  0.5% ,  26.56M   ↑   0.6% ,1.03
180, 180     -   ,   KHANDESHI MOVIES ,  Comedy  , 19.8M ↑  0.5% ,  17.63M    ↓     1.8% ,5
181, 181   ↑   1  ,   Renato Garcia ,  Entertainment  , 19.7M ↑  0.5% ,  1.23M   ↑   6.5% ,3.84
182, 182     ↓    4  ,   Vevo ,  Music  , 19.7M   -   ,  169.54K   ↑   3.2% ,2.53
183, 183   ↑   5  ,   BabyBus - Nursery Rhymes ,  Education  , 19.6M ↑  1% ,  4.33M   ↑   14.7% ,4.88
184, 184     ↓    1  ,   GMANetwork ,  Entertainment  , 19.6M ↑  0.5% ,  6.11K   ↑   266.4% ,3.23
185, 185   ↑   2  ,   Jelly ,  Gaming  , 19.5M ↑  0.5% ,  1.06M   ↑   22.3% ,3.7
186, 186     ↓    1  ,   AuthenticGames ,  Gaming  , 19.5M ↑  0.5% ,  308.5K   ↑   4.2% ,3.19
187, 187   ↑   5  ,   Bollywood Classics ,  Music  , 19.5M ↑  1% ,  431.01K   ↑   7% ,1.71
188, 188   ↑   2  ,   toycantando ,  Music  , 19.4M ↑  0.5% ,  2.75M    ↓     13.1% ,3.08
189, 189     ↓    5  ,   Skrillex ,  Music  , 19.4M   -   ,  27.82M   ↑   0.3% ,0.94
190, 190     ↓    4  ,   Tasty ,  Howto & Style  , 19.4M   -   ,  368.27K   ↑   1.9% ,3.05
191, 191   ↑   5  ,   BB Ki Vines ,  Entertainment  , 19.3M ↑  1.1% ,  18.3M   ↑   0.5% ,2.99
192, 192     ↓    1  ,   5-Minute Crafts GIRLY ,  Howto & Style  , 19.3M   -   ,  170.87K    ↓     14.4% ,3.54
193, 193     ↓    4  ,   Mister Max ,  Entertainment  , 19.3M   -   ,  629.75K   ↑   10.3% ,3.24
194, 194   ↑   3  ,   Technical Guruji ,  Science & Technology  , 19.2M ↑  0.5% ,  678.19K   ↑   7.3% ,3.79
195, 195   ↑   3  ,   GMM GRAMMY OFFICIAL ,  Music  , 19.2M ↑  0.5% ,  8.68K   ↑   26.3% ,2.95
196, 196     ↓    3  ,   HaerteTest ,  Science & Technology  , 19.2M   -   ,  434.55K   ↑   3.6% ,3.32
197, 197   ↑   4  ,   Peppa Pig - Official Channel ,  Education  , 19.1M ↑  0.5% ,  3.28M    ↓     1.2% ,4.72
198, 198   ↑   1  ,   Wow Kidz ,  Entertainment  , 19.1M ↑  0.5% ,  276.75K   ↑   27.8% ,3.31
199, 199     ↓    4  ,   DJ Snake ,  Music  , 19.1M   -   ,  2.36M   ↑   1.1% ,1.37
200, 200   ↑   2  ,   Voot Kids ,  Film & Animation  , 19.1M ↑  0.5% ,  543.92K    ↓     90.9% ,4.75
201, 201     ↓    1  ,   ABP NEWS HINDI ,  News & Politics  , 19.1M ↑  0.5% ,  63.03K   ↑   791.3% ,3.98
202, 202     ↓    5  ,   The ACE Family ,  People & Blogs  , 19.1M   -   ,  6.13M    ↓     0.5% ,4.61
203, 203   ↑   1  ,   shakiraVEVO ,  Music  , 18.8M   -   ,  31.26M   ↑   0.6% ,0.91
204, 204   ↑   2  ,   Mikecrack ,  Gaming  , 18.8M ↑  1.6% ,  5.04M   ↑   17.7% ,4.95
205, 205     ↓    2  ,   Miss Katy ,  Entertainment  , 18.8M   -   ,  899.17K    ↓     2.3% ,3.33
206, 206     ↓    1  ,   Michael Jackson ,  Music  , 18.7M ↑  0.5% ,  4.21M   ↑   2.3% ,4.22
207, 207   ↑   1  ,   netd müzik ,  Music  , 18.5M   -   ,  27.7K    ↓     58.7% ,4.53
208, 208   ↑   2  ,   KAROL G ,  Music  , 18.5M ↑  0.5% ,  6.34M   ↑   1% ,1.52
209, 209     ↓    2  ,   Anuel AA ,  Music  , 18.5M   -   ,  112.71M   ↑   0.5% ,1.19
210, 210   ↑   1  ,   Jess No Limit ,  Gaming  , 18.5M ↑  1.1% ,  1M   ↑   25.7% ,3.95
211, 211     ↓    2  ,   David Dobrik ,  People & Blogs  , 18.4M   -   ,  18.14M   ↑   0.8% ,0.98
212, 212   ↑   2  ,   PTXofficial ,  Music  , 18.3M ↑  0.5% ,  1.41M   ↑   2.2% ,2.66
213, 213     ↓    1  ,   JYP Entertainment ,  Music  , 18.3M ↑  0.5% ,  16.59M   ↑   3.5% ,4.74
214, 214     ↓    1  ,   Lady Gaga ,  Music  , 18.3M ↑  0.5% ,  1.15M   ↑   0.7% ,1.02
215, 215   ↑   2  ,   infobells - Tamil ,  Education  , 18.3M ↑  1.1% ,  3.94M   ↑   17.4% ,4.65
216, 216     ↓    1  ,   ArianaGrandeVevo ,  Music  , 18.2M   -   ,  96.12M   ↑   0.8% ,0.96
217, 217     ↓    1  ,   mmoshaya ,  Entertainment  , 18.2M ↑  0.5% ,  7.36M    ↓     2.5% ,4.94
218, 218   ↑   2  ,   TED ,  Nonprofits & Activism  , 18.1M ↑  0.6% ,  94.27K   ↑   9% ,3.01
219, 219     -   ,   Tekashi 6ix9ine ,  Music  , 18.1M ↑  0.6% ,  162.79M   ↑   0.6% ,4.83
220, 220     ↓    2  ,   DLS News ,  News & Politics  , 18.1M   -   ,  200.66K    ↓     27.7% ,3.12
221, 221     -   ,   5-Minute Crafts PLAY ,  Howto & Style  , 17.9M   -   ,  103.89K   ↑   1.8% ,3.44
222, 222   ↑   4  ,   Masha and The Bear ,  Film & Animation  , 17.9M ↑  0.6% ,  2.38M   ↑   13.4% ,4.62
223, 223     -   ,   Avicii ,  Music  , 17.9M   -   ,  1.53M   ↑   2.1% ,1.16
224, 224   ↑   4  ,   Bounce Patrol - Kids Songs ,  Music  , 17.9M ↑  1.1% ,  24.08M    ↓     21.4% ,4.08
225, 225     ↓    1  ,   America's Got Talent ,  Entertainment  , 17.9M ↑  0.6% ,  231K   ↑   48% ,3.2
226, 226     ↓    4  ,   TheWillyrex ,  Gaming  , 17.9M   -   ,  1.17M   ↑   30% ,3.26
227, 227     ↓    2  ,   Liza Koshy ,  Comedy  , 17.8M   -   ,  5.28M   ↑   0.1% ,3.09
228, 228     ↓    1  ,   Sesame Street ,  Entertainment  , 17.8M ↑  0.6% ,  529.77K   ↑   15.2% ,2.84
229, 229     -   ,   Sia ,  Music  , 17.8M ↑  0.6% ,  8.15M   ↑   1.8% ,2.48
230, 230     -   ,   infobells - Telugu ,  Education  , 17.7M ↑  0.6% ,  5.77M   ↑   7.1% ,3.66
231, 231     -   ,   Brave Wilderness ,  Pets & Animals  , 17.7M ↑  0.6% ,  1.11M    ↓     30.8% ,3.01
232, 232   ↑   1  ,   Jingle Toons ,  Film & Animation  , 17.6M ↑  0.6% ,  8.14M   ↑   1.5% ,1.95
233, 233   ↑   1  ,   Coldplay ,  Music  , 17.6M ↑  0.6% ,  2.49M   ↑   1.4% ,3.25
234, 234     ↓    2  ,   LuisFonsiVEVO ,  Music  , 17.6M   -   ,  130.45M   ↑   0.4% ,2.09
235, 235   ↑   3  ,   Lil pump ,  Music  , 17.5M   -   ,  103.95M   ↑   0.2% ,0.94
236, 236     ↓    1  ,   Calvin Harris ,  Music  , 17.5M   -   ,  1.51M   ↑   25.9% ,0.96
237, 237     -   ,   SlivkiShow ,  Entertainment  , 17.5M   -   ,  5.93M    ↓     0.3% ,4.63
238, 238   ↑   2  ,   Venus Movies ,  Entertainment  , 17.5M ↑  0.6% ,  234.75K   ↑   2.3% ,2.61
239, 239     ↓    3  ,   Rans Entertainment ,  Entertainment  , 17.5M   -   ,  425.22K    ↓     33.3% ,3.78
240, 240     ↓    1  ,   Ali-A ,  Gaming  , 17.4M   -   ,  1.77M   ↑   6.9% ,3.56
241, 241   ↑   3  ,   Pencilmation ,  Film & Animation  , 17.3M ↑  0.6% ,  3.13M   ↑   1.5% ,4.63
242, 242     ↓    1  ,   Charlie Puth ,  Music  , 17.3M   -   ,  7.11M   ↑   0.4% ,2.36
243, 243   ↑   6  ,   Little Angel: Nursery Rhymes & Kids Songs ,  Education  , 17.2M ↑  1.2% ,  13.26M   ↑   5.3% ,5
244, 244     ↓    2  ,   jeffreestar ,  Howto & Style  , 17.2M   -   ,  11.28M   ↑   0.2% ,2.71
245, 245     ↓    2  ,   Unbox Therapy ,  Science & Technology  , 17.2M   -   ,  2.06M   ↑   5.9% ,4.22
246, 246     ↓    1  ,   Totoykids ,  Film & Animation  , 17.2M   -   ,  5.08M    ↓     4.3% ,1.68
247, 247   ↑   4  ,   Jimmy Kimmel Live ,  Comedy  , 17.1M ↑  0.6% ,  307.66K   ↑   47.4% ,2.87
248, 248   ↑   2  ,   EeOneGuy ,  Entertainment  , 17.1M ↑  0.6% ,  11.25M   ↑   0.1% ,3.82
249, 249     ↓    3  ,   PopularMMOs ,  Gaming  , 17.1M   -   ,  890.22K   ↑   8.2% ,2.84
250, 250     ↓    2  ,   Lele Pons ,  Comedy  , 17.1M ↑  0.6% ,  13.16M   ↑   5.1% ,3.43
251, 251   ↑   1  ,   Sandeep Maheshwari ,  People & Blogs  , 17M ↑  0.6% ,  1.6M    ↓     0.1% ,4.14
252, 252   ↑   1  ,   Netflix ,  Entertainment  , 17M ↑  0.6% ,  291.19K    ↓     11.9% ,3.46
253, 253     ↓    6  ,   GEN HALILINTAR ,  Entertainment  , 17M   -   ,  819.41K   ↑   1.8% ,3.04
254, 254     -   ,   Linkin Park ,  Music  , 16.8M   -   ,  2.18M    ↓     4% ,2.63
255, 255   ↑   2  ,   Becky G ,  Music  , 16.8M ↑  0.6% ,  327.47K   ↑   0.7% ,1.72
256, 256     ↓    1  ,   Cia. Daniel Saboya ,  Music  , 16.8M   -   ,  432.69K    ↓     16.4% ,3.1
257, 257   ↑   3  ,   Kids TV - Nursery Rhymes And Baby Songs ,  Education  , 16.7M ↑  0.6% ,  109.4K    ↓     18% ,3.26
258, 258     -   ,   Werevertumorro ,  Entertainment  , 16.7M   -   ,  589.16K   ↑   0.4% ,0.91
259, 259     ↓    3  ,   FGTeeV ,  Gaming  , 16.7M   -   ,  4.83M    ↓     2% ,4.83
260, 260   ↑   3  ,   FaZe Rug ,  Entertainment  , 16.7M ↑  0.6% ,  3.08M    ↓     1.5% ,4.73
261, 261   ↑   5  ,   TRANS7 OFFICIAL ,  Entertainment  , 16.6M ↑  0.6% ,  8.54K   ↑   440.1% ,4.79
262, 262     ↓    3  ,   Good Mythical Morning ,  Entertainment  , 16.6M   -   ,  1.45M   ↑   2% ,3.59
263, 263   ↑   4  ,   JukiLop ,  People & Blogs  , 16.6M ↑  0.6% ,  12.15M   ↑   0.5% ,0.91
264, 264     ↓    3  ,   LazarBeam ,  Gaming  , 16.6M   -   ,  10.51M   ↑   5.3% ,4.95
265, 265     ↓    1  ,   Noor Stars ,  Entertainment  , 16.6M ↑  0.6% ,  3.57M   ↑   1.7% ,4.69
266, 266     ↓    4  ,   Porta dos Fundos ,  Entertainment  , 16.6M   -   ,  399.34K    ↓     8.8% ,3.05
267, 267   ↑   1  ,   Doggy Doggy Cartoons ,  Entertainment  , 16.5M   -   ,  115.84K   ↑   4% ,2.4
268, 268     ↓    3  ,   Gaby and Alex ,  Entertainment  , 16.5M   -   ,  2.16M    ↓     7.5% ,3.15
269, 269     -   ,   Demi Lovato ,  Music  , 16.4M   -   ,  4.12M    ↓     0.3% ,1.28
270, 270     -   ,   Smile Toys Review ,  Entertainment  , 16.4M ↑  0.6% ,  6.59M   ↑   8.7% ,1.33
271, 271   ↑   1  ,   ARY Digital ,  Entertainment  , 16.4M ↑  1.2% ,  17.65K    ↓     93% ,4.76
272, 272     ↓    1  ,   Nick Jr. ,  Film & Animation  , 16.4M ↑  0.6% ,  424.19K   ↑   86% ,3.32
273, 273   ↑   4  ,   CKN Toys ,  Entertainment  , 16.2M ↑  0.6% ,  1.01M   ↑   4.4% ,2.72
274, 274   ↑   1  ,   Disney ,  Entertainment  , 16.2M ↑  0.6% ,  63.27K   ↑   20.8% ,2.62
275, 275     ↓    1  ,   Worldwide Records Bhojpuri ,  Music  , 16.2M ↑  0.6% ,  82.84K    ↓     55.6% ,3.39
276, 276   ↑   4  ,   Sony PAL ,  Entertainment  , 16.2M ↑  0.6% ,  548.03K   ↑   42% ,4.86
277, 277     ↓    4  ,   JFlaMusic ,  Music  , 16.2M   -   ,  5.65M   ↑   2.6% ,3.45
278, 278   ↑   1  ,   Clash of Clans ,  Gaming  , 16.1M   -   ,  3.41M    ↓     20.3% ,4.16
279, 279   ↑   4  ,   Wave Music - Bhojpuri ,  Music  , 16.1M ↑  0.6% ,  33.24K    ↓     29.7% ,3.1
280, 280     ↓    2  ,   Baim Paula ,  Entertainment  , 16.1M   -   ,  725.62K    ↓     26.6% ,4.01
281, 281     -   ,   Vsauce ,  Entertainment  , 16.1M   -   ,  3.4M   ↑   0.8% ,2.14
282, 282     ↓    6  ,   Like Nastya Vlog ,  People & Blogs  , 16.1M   -   ,  40.07M   ↑   1.2% ,3.3
283, 283     ↓    1  ,   Paulo Londra ,  Music  , 16M   -   ,  74.91M    ↓     19.3% ,1.03
284, 284   ↑   11  ,   Round2hell ,  Comedy  , 16M ↑  1.9% ,  32.88M   ↑   2.2% ,2.99
285, 285   ↑   2  ,   Masha y el Oso ,  Film & Animation  , 16M ↑  0.6% ,  1.67M    ↓     7.8% ,4.62
286, 286   ↑   2  ,   Troom Troom Es ,  Howto & Style  , 16M ↑  0.6% ,  1.2M   ↑   3.5% ,3.96
287, 287     ↓    3  ,   Caeli Alien ,  Entertainment  , 16M   -   ,  1.09M   ↑   7.9% ,2.59
288, 288     ↓    3  ,   Saregama Music ,  Music  , 16M ↑  0.6% ,  232.45K   ↑   393.5% ,3.28
289, 289   ↑   2  ,    ,  Film & Animation  , 16M ↑  1.3% ,  1.29M    ↓     14% ,4.93
290, 290     ↓    4  ,   Romeo Santos ,  Music  , 15.9M   -   ,  22.11M   ↑   0.4% ,2.62
291, 291     ↓    1  ,   Infinite ,  Entertainment  , 15.9M ↑  0.6% ,  535.97K   ↑   32.4% ,3.03
292, 292   ↑   10  ,   Diana Kids Stories ,  Entertainment  , 15.8M ↑  0.6% ,  6.8M    ↓     26.7% ,4.82
293, 293     -   ,   Zee News ,  News & Politics  , 15.8M   -   ,  21.45K   ↑   18.3% ,4.79
294, 294     ↓    2  ,   Guava Juice ,  Entertainment  , 15.8M   -   ,  1.09M   ↑   22.8% ,3.13
295, 295     ↓    6  ,   Britain's Got Talent ,  Entertainment  , 15.8M   -   ,  98.69K    ↓     5.4% ,2.77
296, 296     ↓    2  ,   Genevieve's Playhouse - Learning Videos for Kids ,  Film & Animation  , 15.8M ↑  0.6% ,  4.15M   ↑   4.2% ,3.16
297, 297   ↑   3  ,   ZHC ,  Entertainment  , 15.8M ↑  0.6% ,  18.58M   ↑   0.7% ,4.44
298, 298     ↓    2  ,   White Hill Music ,  Music  , 15.8M ↑  0.6% ,  510.37K   ↑   50.7% ,3.25
299, 299   ↑   2  ,   Willyrex ,  Gaming  , 15.7M   -   ,  1.18M   ↑   1.4% ,3.21
300, 300     ↓    3  ,   TheOdd1sOut ,  Comedy  , 15.7M   -   ,  39.65M   ↑   0.9% ,2.86
301, 301     ↓    3  ,   RsiamMusic : อาร์สยาม ,  Music  , 15.7M   -   ,  72.44K   ↑   1.3% ,2.62
302, 302     ↓    3  ,   ExtraPolinesios ,  People & Blogs  , 15.7M   -   ,  5.66M   ↑   1.1% ,3.88
303, 303   ↑   2  ,   Turma da Mônica ,  Film & Animation  , 15.7M ↑  0.6% ,  1.25M   ↑   7.4% ,3.4
304, 304     -   ,   Мирошка ТВ ,  Education  , 15.6M   -   ,  262.84M   ↑   0.1% ,0.82
305, 305   ↑   1  ,   Canal IN ,  Entertainment  , 15.6M ↑  0.7% ,  142.69K   ↑   0.1% ,2.73
306, 306     ↓    3  ,   Sonotek ,  Music  , 15.6M   -   ,  376.24K   ↑   1.4% ,2.88
307, 307   ↑   3  ,   W2S ,  Entertainment  , 15.5M ↑  0.7% ,  15.41M   ↑   0.2% ,0.91
308, 308     ↓    1  ,   Tu COSMOPOLIS ,  People & Blogs  , 15.5M   -   ,  279.18K    ↓     12.7% ,3.52
309, 309     ↓    1  ,   AdeleVEVO ,  Music  , 15.5M   -   ,  240.04M   ↑   0.2% ,0.94
310, 310   ↑   1  ,   Gordon Ramsay ,  Entertainment  , 15.5M ↑  0.7% ,  685.95K   ↑   10.1% ,3.21
311, 311     ↓    2  ,   Dua Lipa ,  Music  , 15.5M ↑  0.7% ,  23.56M   ↑   1.4% ,4.12
312, 312   ↑   7  ,   Mnet K-POP ,  Entertainment  , 15.4M ↑  0.7% ,  37.76K    ↓     49.5% ,4.57
313, 313     ↓    1  ,   Roman Atwood Vlogs ,  People & Blogs  , 15.4M   -   ,  2.55M   ↑   0.3% ,4.53
314, 314     ↓    1  ,   INCRÍVEL ,  People & Blogs  , 15.4M   -   ,  93.47K   ↑   11.3% ,3.34
315, 315     ↓    1  ,   Lyrical Lemonade ,  Entertainment  , 15.4M ↑  0.7% ,  36.42M   ↑   0.2% ,4.88
316, 316   ↑   2  ,   Gusttavo Lima Oficial ,  Music  , 15.4M ↑  0.7% ,  45.5M   ↑   2.6% ,4.74
317, 317     -   ,   HowToBasic ,  Howto & Style  , 15.3M   -   ,  2.84M   ↑   2.1% ,4.4
318, 318   ↑   2  ,   National Geographic ,  Entertainment  , 15.3M ↑  0.7% ,  75.29K   ↑   1% ,2.91
319, 319     ↓    4  ,   Reaction Time ,  Entertainment  , 15.3M   -   ,  384.47K    ↓     2% ,2.92
320, 320     ↓    4  ,   Rotana ,  Music  , 15.3M   -   ,  949.49K   ↑   177.4% ,3.45
321, 321   ↑   3  ,   Fatos Desconhecidos ,  Entertainment  , 15.2M ↑  0.7% ,  199.2K   ↑   5.1% ,3.25
322, 322     ↓    1  ,   The Lallantop ,  News & Politics  , 15.2M ↑  0.7% ,  51.78K   ↑   245% ,2.68
323, 323     ↓    1  ,   Peppa Pig Español Latino - Canal Oficial ,  Film & Animation  , 15.2M ↑  0.7% ,  4.04M   ↑   11.4% ,4.67
324, 324   ↑   3  ,   Chloe Ting ,  Howto & Style  , 15.1M ↑  0.7% ,  2.85M    ↓     9.4% ,4.88
325, 325   ↑   6  ,   IDEAS EN 5 MINUTOS ,  Howto & Style  , 15.1M ↑  0.7% ,  243.19K   ↑   11.5% ,3.3
326, 326   ↑   14  ,   Raffy Tulfo in Action ,  News & Politics  , 15.1M ↑  2% ,  847.67K   ↑   48.4% ,3.63
327, 327     ↓    1  ,   Aditya Music ,  Music  , 15.1M ↑  0.7% ,  101.83K    ↓     65.9% ,3.22
328, 328     ↓    5  ,   Got Talent Global ,  Entertainment  , 15.1M   -   ,  90.55K   ↑   17.3% ,2.73
329, 329     ↓    1  ,   Maroon5VEVO ,  Music  , 15M   -   ,  140M   ↑   0.5% ,3.57
330, 330   ↑   3  ,   BabyBus - Canciones Infantiles & Cuentos ,  Education  , 15M ↑  0.7% ,  2.63M   ↑   3.6% ,4.65
331, 331   ↑   6  ,   Movieclips Trailers ,  Film & Animation  , 15M ↑  0.7% ,  95.9K    ↓     19.6% ,3
332, 332     ↓    2  ,   الـريماس - Al-Remas ,  Music  , 15M   -   ,  253.22K   ↑   1.6% ,1.55
333, 333   ↑   5  ,   DeToxoMoroxo ,  Entertainment  , 15M ↑  0.7% ,  2.02M    ↓     10.3% ,3.19
334, 334     ↓    9  ,   SQUEEZIE ,  Entertainment  , 15M   -   ,  5.57M    ↓     4.5% ,4.64
335, 335     ↓    6  ,   NBA ,  Sports  , 15M   -   ,  406.78K    ↓     40% ,3.15
336, 336     ↓    4  ,   TheGrefg ,  Gaming  , 15M ↑  0.7% ,  2.9M   ↑   9% ,4.32
337, 337   ↑   4  ,   Aditya Movies ,  Entertainment  , 14.9M ↑  0.7% ,  469.74K   ↑   32% ,2.9
338, 338     ↓    2  ,   Musas ,  Howto & Style  , 14.9M   -   ,  2.03M   ↑   0.5% ,1.77
339, 339   ↑   6  ,   Diana Bebe ,  Entertainment  , 14.9M ↑  0.7% ,  3.01M    ↓     38.1% ,4.79
340, 340     ↓    6  ,   SelenaGomezVEVO ,  Music  , 14.9M   -   ,  11.69M    ↓     0.1% ,2.76
341, 341   ↑   1  ,   HiMan ,  Entertainment  , 14.9M ↑  0.7% ,  4.71M    ↓     7.3% ,4.79
342, 342     ↓    7  ,   Lilly Singh ,  Comedy  , 14.9M   -   ,  1.34M   ↑   0.8% ,2.79
343, 343   ↑   1  ,   SSundee ,  Gaming  , 14.9M ↑  0.7% ,  2.55M   ↑   10.6% ,4.08
344, 344   ↑   3  ,   Preston ,  Entertainment  , 14.8M ↑  0.7% ,  3.76M   ↑   2.5% ,4.76
345, 345     ↓    2  ,   Enaldinho ,  Comedy  , 14.8M   -   ,  547.84K   ↑   9.3% ,3.5
346, 346     ↓    7  ,   Oyuncak Avı ,  Entertainment  , 14.8M   -   ,  1.56M   ↑   9.6% ,3.29
347, 347     ↓    1  ,   Stubborn Facts ,  Entertainment  , 14.8M ↑  0.7% ,  2.36M    ↓     7.5% ,4.4
348, 348   ↑   4  ,   Minecraft - Topic , , 14.7M ↑  0.7% ,  685K    -    ,0.86
349, 349     ↓    1  ,   IDEIAS INCRÍVEIS ,  Howto & Style  , 14.7M   -   ,  224.12K   ↑   11.2% ,3.14
350, 350   ↑   1  ,   Cardi B ,  Music  , 14.7M ↑  0.7% ,  109.08M   ↑   0.6% ,4.25
351, 351     ↓    1  ,   ERB ,  Entertainment  , 14.6M   -   ,  28.69M   ↑   0.4% ,0.93
352, 352   ↑   3  ,   Anitta ,  Music  , 14.6M ↑  0.7% ,  82.71M   ↑   0.6% ,4.27
353, 353   ↑   1  ,   FactTechz ,  Entertainment  , 14.6M ↑  0.7% ,  3.41M   ↑   0.7% ,4.06
354, 354     ↓    1  ,   Rclbeauty101 ,  Comedy  , 14.6M   -   ,  1.98M    ↓     0.4% ,2.63
355, 355     ↓    6  ,   FailArmy ,  Entertainment  , 14.6M   -   ,  1.13M   ↑   2.4% ,3.03
356, 356   ↑   2  ,   Tlnovelas ,  Entertainment  , 14.5M ↑  0.7% ,  22.77K    ↓     65% ,2.69
357, 357     -   ,   MalumaVEVO ,  Music  , 14.4M   -   ,  18.75M   ↑   6.4% ,4.51
358, 358   ↑   2  ,   PDK Films ,  Entertainment  , 14.4M ↑  0.7% ,  27.91M    ↓     0.6% ,3.87
359, 359   ↑   4  ,   Indosiar ,  Entertainment  , 14.4M ↑  1.4% ,  36.7K    ↓     82.1% ,4.78
360, 360   ↑   2  ,   Marvel Entertainment ,  Entertainment  , 14.4M ↑  0.7% ,  703.04K   ↑   30.4% ,3.23
361, 361     ↓    5  ,   TheRichest ,  Film & Animation  , 14.4M   -   ,  133.63K    ↓     1.3% ,3
362, 362     ↓    1  ,   TheBrianMaps ,  Entertainment  , 14.4M ↑  0.7% ,  4.87M   ↑   1.7% ,4.49
363, 363   ↑   6  ,   Mark Rober ,  Science & Technology  , 14.3M ↑  1.4% ,  24.97M   ↑   4.9% ,4.55
364, 364     ↓    5  ,   Katie Angel ,  Music  , 14.3M   -   ,  2.64M   ↑   1.9% ,4.33
365, 365   ↑   2  ,   Boyce Avenue ,  Music  , 14.3M ↑  0.7% ,  2.24M    ↓     4.9% ,2.65
366, 366     ↓    1  ,   Wengie ,  Howto & Style  , 14.2M   -   ,  1.66M   ↑   0.3% ,3.02
367, 367   ↑   5  ,   CookieSwirlC ,  Gaming  , 14.2M ↑  0.7% ,  715.5K   ↑   2.8% ,2.92
368, 368   ↑   10  ,   Frost Diamond ,  Entertainment  , 14.2M ↑  1.4% ,  1.19M   ↑   6.4% ,3.95
369, 369   ↑   4  ,   KBS World ,  Entertainment  , 14.2M ↑  0.7% ,  6.1K    ↓     59.3% ,3.23
370, 370     ↓    4  ,   IGN ,  Gaming  , 14.2M   -   ,  57.15K    ↓     25.6% ,3.73
371, 371     ↓    7  ,   officialpsy ,  Music  , 14.2M   -   ,  34.59M   ↑   0.4% ,0.96
372, 372   ↑   7  ,   toyorbabytv ,  Music  , 14.1M ↑  0.7% ,  205.3K    ↓     0.5% ,2.78
373, 373   ↑   2  ,   Brent Rivera ,  Entertainment  , 14.1M   -   ,  7.48M    ↓     3.5% ,4.71
374, 374     ↓    3  ,   Kaykai Salaider ,  Entertainment  , 14.1M   -   ,  4.58M    ↓     0.6% ,4.71
375, 375     ↓    7  ,   Marmok ,  Gaming  , 14.1M   -   ,  7.67M   ↑   1.1% ,4.43
376, 376     ↓    6  ,   Sandra Cires Art ,  Entertainment  , 14.1M   -   ,  4.22M    ↓     1.6% ,4.72
377, 377     ↓    3  ,   Sebastián Yatra ,  Music  , 14.1M   -   ,  1.7M   ↑   0.2% ,2.18
378, 378     ↓    2  ,   Miley Cyrus ,  Entertainment  , 14.1M   -   ,  1.39M   ↑   4.5% ,2.23
379, 379   ↑   3  ,   Crafty Panda ,  Howto & Style  , 14.1M ↑  0.7% ,  6.23M   ↑   12.7% ,4.95
380, 380     ↓    3  ,   Diana Play ,  Entertainment  , 14.1M   -   ,  4.31M    ↓     28.5% ,4.87
381, 381   ↑   5  ,   Rafa & Luiz ,  Entertainment  , 14M ↑  0.7% ,  1M    ↓     0.5% ,3.39
382, 382   ↑   5  ,   Camila Cabello ,  Music  , 14M ↑  0.7% ,  2.16M   ↑   0.3% ,1.32
383, 383     ↓    3  ,   Little Mix ,  Music  , 14M   -   ,  1.73M   ↑   0.5% ,1.32
384, 384     ↓    3  ,   Manual do Mundo ,  Science & Technology  , 14M   -   ,  1.01M   ↑   6.2% ,3.09
385, 385     ↓    2  ,   CollegeHumor ,  Comedy  , 14M   -   ,  393.08K    ↓     0.2% ,1.86
386, 386   ↑   7  ,   Jason Derulo ,  Music  , 13.9M ↑  0.7% ,  8.65M   ↑   0.3% ,4.37
387, 387   ↑   4  ,   Pitbull ,  Music  , 13.9M ↑  0.7% ,  1.26M   ↑   2.1% ,2.09
388, 388     ↓    4  ,   Dr. Vivek Bindra: Motivational Speaker ,  Education  , 13.9M   -   ,  698.05K    ↓     13.8% ,3.38
389, 389     ↓    4  ,   The Slow Mo Guys ,  Entertainment  , 13.9M   -   ,  5.89M    ↓     2.2% ,2.65
390, 390   ↑   2  ,   Naisa Alifia Yuriza (N.A.Y) ,  Entertainment  , 13.9M ↑  0.7% ,  848.35K    ↓     11% ,3.77
391, 391   ↑   6  ,   Enes Batur ,  Entertainment  , 13.8M ↑  0.7% ,  7.22M   ↑   1.1% ,4.8
392, 392   ↑   3  ,   MattyBRaps ,  Music  , 13.8M   -   ,  14.06M   ↑   1.1% ,2.4
393, 393   ↑   11  ,   Antrax ,  Entertainment  , 13.8M ↑  0.7% ,  2.56M   ↑   1.3% ,4.8
394, 394     ↓    5  ,   Martin Garrix ,  Music  , 13.8M   -   ,  1.29M   ↑   0.9% ,2.57
395, 395   ↑   1  ,   Lachlan ,  Gaming  , 13.8M   -   ,  2.42M    ↓     9.9% ,4.57
396, 396     ↓    2  ,   LEGENDA FUNK ,  Music  , 13.8M   -   ,  67.54K   ↑   10.4% ,3.2
397, 397     ↓    9  ,   Cyprien ,  Comedy  , 13.8M   -   ,  7.75M   ↑   0.2% ,4.13
398, 398   ↑   1  ,   حِرف إبداعية في 5 دقائق ,  Howto & Style  , 13.8M ↑  0.7% ,  395.98K   ↑   1.5% ,3.12
399, 399     ↓    9  ,   Trap City ,  Music  , 13.8M   -   ,  100.42K   ↑   13% ,2.8
400, 400   ↑   1  ,   SIS vs BRO ,  Entertainment  , 13.7M   -   ,  8.71M    ↓     2.8% ,4.39
401, 401   ↑   1  ,   GRAMMY GOLD OFFICIAL ,  Music  , 13.7M   -   ,  65.96K    ↓     67.8% ,2.94
402, 402     ↓    1  ,   SIS vs BRO ,  Entertainment  , 13.7M   -   ,  8.71M    ↓     2.8% ,4.39
403, 403     ↓    3  ,   Познаватель ,  Entertainment  , 13.7M   -   ,  7.37M   ↑   1.2% ,4.54
404, 404     ↓    1  ,   AM3NlC ,  People & Blogs  , 13.7M   -   ,  628.47K   ↑   11.1% ,3.11
405, 405     -   ,   Major Lazer Official ,  Music  , 13.6M   -   ,  318.83K   ↑   6.3% ,2.32
406, 406     -   ,   Shidory Drawblogs ,  Entertainment  , 13.6M   -   ,  1.87M   ↑   1% ,2.82
407, 407   ↑   6  ,   Kwebbelkop ,  Gaming  , 13.6M ↑  0.7% ,  500.31K    ↓     11.4% ,3.16
408, 408     ↓    1  ,   Planeta das Gêmeas ,  Entertainment  , 13.6M   -   ,  886.11K    ↓     16.1% ,3.17
409, 409   ↑   6  ,   StarPlus ,  Entertainment  , 13.6M ↑  0.7% ,  594.32K   ↑   37.3% ,3.51
410, 410     ↓    2  ,   NikkieTutorials ,  Howto & Style  , 13.6M   -   ,  2.27M   ↑   1.8% ,4
411, 411     ↓    2  ,   Green Gold ,  Entertainment  , 13.6M ↑  0.7% ,  2.07M    ↓     23.1% ,4.59
412, 412     ↓    1  ,   Masha e o Urso ,  Film & Animation  , 13.6M ↑  0.7% ,  2.34M   ↑   10.6% ,4.65
413, 413     ↓    3  ,   jbalvinVEVO ,  Music  , 13.5M   -   ,  62.48M   ↑   1.6% ,2.85
414, 414     ↓    2  ,   Official Pink Panther ,  Film & Animation  , 13.5M   -   ,  6.79M   ↑   1.8% ,1.08
415, 415     ↓    1  ,   Fifth Harmony ,  Music  , 13.5M   -   ,  2.58M   ↑   0.1% ,0.95
416, 416   ↑   4  ,   SAM SMITH ,  Entertainment  , 13.5M ↑  0.8% ,  4.94M   ↑   0.1% ,1.3
417, 417   ↑   1  ,   FitDance ,  Music  , 13.5M ↑  0.8% ,  178.74K   ↑   25.1% ,3.09
418, 418     ↓    2  ,   Jorge & Mateus Oficial ,  Music  , 13.5M   -   ,  36.18M   ↑   0.4% ,3.07
419, 419   ↑   2  ,   WB Kids ,  Film & Animation  , 13.5M ↑  1.5% ,  415.62K    ↓     43.9% ,3.81
420, 420   ↑   13  ,   Total Gaming ,  Gaming  , 13.5M ↑  2.3% ,  2.65M    ↓     19.5% ,5
421, 421     ↓    2  ,   Makiman131 ,  Entertainment  , 13.4M   -   ,  661.92K   ↑   1.8% ,2.95
422, 422   ↑   4  ,   Jennifer Lopez ,  Music  , 13.4M ↑  0.8% ,  797.04K   ↑   74.5% ,2.47
423, 423     ↓    6  ,   El Reino a Jugar ,  Education  , 13.4M   -   ,  443.76K   ↑   8.3% ,3.18
424, 424   ↑   12  ,   Goldmines Movies ,  Film & Animation  , 13.3M ↑  1.5% ,  59.34K    ↓     43.4% ,2.96
425, 425     ↓    1  ,   Fueled By Ramen ,  Music  , 13.3M   -   ,  1.2M   ↑   1% ,1.18
426, 426     ↓    1  ,   Gato Galactico ,  Entertainment  , 13.3M   -   ,  543.23K    ↓     0% ,3.12
427, 427     ↓    4  ,   VICE ,  Entertainment  , 13.3M   -   ,  239.8K   ↑   12.2% ,3.05
428, 428     ↓    6  ,   AdMe.ru - Сайт о творчестве ,  Entertainment  , 13.3M   -   ,  85.44K   ↑   7.3% ,3.17
429, 429     ↓    1  ,   Canal Nostalgia ,  Entertainment  , 13.2M   -   ,  3.7M   ↑   0.4% ,2.84
430, 430   ↑   2  ,   EnriqueIglesiasVEVO ,  Music  , 13.2M   -   ,  24.99M   ↑   0.4% ,0.9
431, 431     ↓    4  ,   The Game Theorists ,  Gaming  , 13.2M   -   ,  2.88M    ↓     0.9% ,4.57
432, 432     ↓    3  ,   Mariale ,  Entertainment  , 13.2M   -   ,  517.25K    ↓     4.9% ,3.11
433, 433   ↑   2  ,   Kurt Hugo Schneider ,  Entertainment  , 13.2M ↑  0.8% ,  998.37K   ↑   3.1% ,2.3
434, 434     ↓    4  ,   Queen Official ,  Music  , 13.2M   -   ,  761.64K   ↑   6.4% ,2.51
435, 435     ↓    1  ,   XpressTV ,  Entertainment  , 13.1M   -   ,  2.56M    ↓     7.8% ,4.62
436, 436     ↓    5  ,   BeyoncéVEVO ,  Music  , 13.1M   ↓   0.8% ,  52.07M   ↑   0.3% ,2.72
437, 437   ↑   1  ,   Robin Hood Gamer ,  Gaming  , 13.1M ↑  0.8% ,  873.06K    ↓     17.2% ,3.96
438, 438   ↑   3  ,   Kurzgesagt – In a Nutshell ,  Education  , 13M ↑  0.8% ,  7.81M   ↑   1.4% ,4.58
439, 439   ↑   5  ,   Zé Neto e Cristiano ,  Music  , 13M ↑  0.8% ,  19.99M   ↑   3.9% ,4.33
440, 440     ↓    3  ,   Super Polina ,  Entertainment  , 13M   -   ,  256.32K   ↑   2.6% ,2.41
441, 441   ↑   1  ,   League of Legends ,  Gaming  , 12.9M   -   ,  1.93M   ↑   8.1% ,3.8
442, 442     ↓    3  ,   Ranz Kyle ,  Entertainment  , 12.9M   -   ,  2.4M    ↓     2.9% ,3.95
443, 443     ↓    3  ,   حقائق وأسرار ,  Entertainment  , 12.9M   -   ,  139.75K   ↑   8.9% ,2.9
444, 444   ↑   5  ,   Matheus Yurley ,  Entertainment  , 12.9M ↑  0.8% ,  2.35M    ↓     7.1% ,1.77
445, 445     -   ,   NickiMinajAtVEVO ,  Music  , 12.9M   -   ,  90.37M   ↑   0.3% ,0.92
446, 446     ↓    3  ,   AzzyLand ,  Entertainment  , 12.9M   -   ,  998.21K   ↑   3.1% ,4.08
447, 447   ↑   5  ,   SAAIHALILINTAR ,  Entertainment  , 12.8M ↑  0.8% ,  1.57M   ↑   0.6% ,2.31
448, 448   ↑   2  ,   Alan Becker ,  Film & Animation  , 12.8M ↑  0.8% ,  31.44M   ↑   1.6% ,4.68
449, 449     ↓    2  ,   BIGBANG ,  Music  , 12.8M   -   ,  1.06M   ↑   0.5% ,0.93
450, 450     ↓    4  ,   Hear This Music ,  Music  , 12.8M   -   ,  206.42M   ↑   0.4% ,0.8
451, 451     ↓    2  ,   Hear This Music ,  Music  , 12.8M   -   ,  206.42M   ↑   0.4% ,0.8
452, 452     ↓    4  ,   BIGBANG ,  Music  , 12.8M   -   ,  1.06M   ↑   0.5% ,0.93
453, 453   ↑   1  ,   H2ODelirious ,  Gaming  , 12.7M   -   ,  1.61M   ↑   25.9% ,3.13
454, 454     ↓    3  ,   REPLAY ,  Entertainment  , 12.7M   -   ,  215.49K    ↓     4.6% ,2.73
455, 455     ↓    3  ,   MAIKI021 ,  Entertainment  , 12.7M   -   ,  257.84K   ↑   16.3% ,3.07
456, 456   ↑   6  ,   #Refugio Mental ,  Entertainment  , 12.6M   -   ,  990.26K    ↓     14.9% ,3.43
457, 457     -   ,   Henrique e Juliano ,  Music  , 12.6M   -   ,  45.46M   ↑   2.3% ,1.03
458, 458   ↑   5  ,   Matt Stonie ,  Entertainment  , 12.6M ↑  0.8% ,  11.78M   ↑   0.4% ,4.83
459, 459     ↓    1  ,   The LaBrant Fam ,  People & Blogs  , 12.6M   -   ,  4.07M    ↓     0.2% ,4.6
460, 460     ↓    4  ,   POPS Kids ,  Film & Animation  , 12.6M   -   ,  15.34K    ↓     12.1% ,3.05
461, 461     -   ,   Invento na Hora ,  Entertainment  , 12.6M   -   ,  1.68M   ↑   1.7% ,4.1
462, 462     ↓    3  ,   iTownGamePlay *Terror&Diversión* ,  Gaming  , 12.6M   -   ,  117.54K   ↑   16.1% ,3.04
463, 463   ↑   6  ,   李子柒 Liziqi ,  Howto & Style  , 12.6M ↑  0.8% ,  16.82M   ↑   3.7% ,4.82
464, 464     ↓    4  ,   Lindsey Stirling ,  Music  , 12.6M   -   ,  1.66M   ↑   2.8% ,2.35
465, 465     ↓    1  ,   The King of Random ,  Education  , 12.5M   -   ,  477.7K    ↓     8.3% ,3.02
466, 466   ↑   2  ,   MrSuicideSheep ,  Entertainment  , 12.5M   -   ,  172.92K   ↑   5% ,2.82
467, 467   ↑   12  ,   Travis Scott ,  Music  , 12.5M ↑  1.6% ,  12.29M    ↓     7.5% ,1.23
468, 468   ↑   10  ,   Diana Roma Show ,  Entertainment  , 12.5M ↑  1.6% ,  3.53M    ↓     50.4% ,4.88
469, 469     ↓    4  ,   Rosanna Pansino ,  Howto & Style  , 12.5M   -   ,  1.2M    ↓     4.7% ,2.94
470, 470   ↑   7  ,   Like Nastya AE ,  Entertainment  , 12.5M ↑  0.8% ,  4.75M    ↓     1% ,4.88
471, 471     ↓    4  ,   Parafernalha ,  Entertainment  , 12.5M   -   ,  341.78K   ↑   1.9% ,2.84
472, 472     ↓    6  ,   Apple ,  Science & Technology  , 12.5M   -   ,  9.45M   ↑   0.6% ,4.73
473, 473     ↓    2  ,   Everson Zoio ,  Comedy  , 12.4M   -   ,  722.33K    ↓     13.3% ,3.18
474, 474   ↑   11  ,   Emiway Bantai ,  Music  , 12.4M ↑  0.8% ,  14.85M   ↑   0.9% ,4.94
475, 475     ↓    1  ,   F2Freestylers - Ultimate Soccer Skills Channel ,  Sports  , 12.4M   -   ,  2.64M   ↑   1.1% ,3.28
476, 476     ↓    6  ,   Farruko ,  Music  , 12.4M   -   ,  3.75M   ↑   1.6% ,0.98
477, 477     ↓    4  ,   PlayHard ,  Gaming  , 12.4M   -   ,  669.55K   ↑   8.8% ,3.23
478, 478     ↓    2  ,   TED-Ed ,  Education  , 12.4M   -   ,  411.1K    ↓     3.3% ,3.01
479, 479   ↑   2  ,   GMA Public Affairs ,  News & Politics  , 12.4M ↑  0.8% ,  6.83K   ↑   15.4% ,2.88
480, 480     ↓    8  ,   Camila Loures ,  Entertainment  , 12.4M   -   ,  555.45K   ↑   6.9% ,3.59
481, 481     ↓    1  ,   wifistudy ,  Education  , 12.4M ↑  0.8% ,  13.52K    ↓     22.7% ,2.09
482, 482     ↓    7  ,   Ultra Movie Parlour ,  Film & Animation  , 12.4M   -   ,  608.81K   ↑   17.5% ,2.89
483, 483     -   ,   Pen Movies ,  Film & Animation  , 12.3M   -   ,  100.55K   ↑   51.3% ,3.04
484, 484     ↓    2  ,   Chad Wild Clay ,  Entertainment  , 12.3M   -   ,  6.42M    ↓     2.9% ,4.78
485, 485   ↑   2  ,   Goldmines Hindi ,  Film & Animation  , 12.3M ↑  0.8% ,  299.36K    ↓     14.7% ,3.15
486, 486     ↓    2  ,   Volga Video ,  Entertainment  , 12.3M   -   ,  15.15K   ↑   29.2% ,2.61
487, 487   ↑   4  ,   PlayStation ,  Gaming  , 12.3M ↑  0.8% ,  92.32K    ↓     4.1% ,3.34
488, 488     ↓    2  ,   CalvinHarrisVEVO ,  Music  , 12.2M   -   ,  1.66M   ↑   1.4% ,2.37
489, 489   ↑   8  ,   Marques Brownlee ,  Science & Technology  , 12.2M ↑  0.8% ,  2.9M    ↓     1.1% ,4.74
490, 490   ↑   3  ,   Talking Tom and Friends ,  Film & Animation  , 12.2M   -   ,  9.79M   ↑   2.8% ,4.5
491, 491   ↑   9  ,   zayn ,  Music  , 12.2M ↑  1.7% ,  5.85M   ↑   1.1% ,1.12
492, 492     ↓    2  ,   ChrisBrownVEVO ,  Music  , 12.2M   -   ,  18.28M   ↑   3.1% ,3.96
493, 493     ↓    4  ,   Blossom ,  Howto & Style  , 12.2M   -   ,  1.5M    ↓     17.9% ,2.65
494, 494     ↓    2  ,   CaseyNeistat ,  People & Blogs  , 12.2M   -   ,  2.55M    ↓     5% ,3.53
495, 495     ↓    7  ,   TazerCraft ,  Gaming  , 12.2M   -   ,  504.77K    ↓     8.8% ,3.04
496, 496     ↓    2  ,   Genierock ,  Music  , 12.2M   -   ,  1.77M   ↑   34.9% ,3.83
497, 497   ↑   1  ,   شبكة العاب العرب | Arab Games Network ,  Gaming  , 12.2M ↑  0.8% ,  827.11K    ↓     5.1% ,3.92
498, 498   ↑   8  ,   Shemaroo Movies ,  Film & Animation  , 12.1M ↑  0.8% ,  526.67K    ↓     5.1% ,3.77
499, 499     ↓    3  ,   Vete a la Versh ,  Comedy  , 12.1M   -   ,  1.56M    ↓     7% ,2.54
500, 500     ↓    1  ,   zbing z. ,  Gaming  , 12.1M ↑  0.8% ,  911.12K    ↓     2% ,3.62
501, 501   ↑   8  ,   Kerajinan 5-Menit ,  Howto & Style  , 12.1M ↑  0.8% ,  579.26K   ↑   21.5% ,3.34
502, 502     ↓    7  ,   NORMAN FAIT DES VIDÉOS ,  Comedy  , 12.1M   -   ,  5.95M   ↑   0.2% ,0.93
503, 503     ↓    2  ,   Surya Citra Televisi (SCTV) ,  Entertainment  , 12.1M ↑  0.8% ,  80.82K   ↑   11.2% ,3.92
504, 504   ↑   4  ,   Goldmines Dishoom ,  Film & Animation  , 12.1M ↑  0.8% ,  126.48K    ↓     44.1% ,3.08
505, 505     ↓    2  ,   Tfue ,  Gaming  , 12M   -   ,  1.51M   ↑   1.6% ,3.27
506, 506     ↓    2  ,   YOLO ,  Comedy  , 12M   -   ,  4.65M   ↑   0.4% ,3.84
507, 507     ↓    5  ,   キッズライン♡Kids Line ,  Entertainment  , 12M   -   ,  56.18K   ↑   7.3% ,2.94
508, 508     ↓    1  ,   Little Angel Español - Canciones Infantiles ,  Entertainment  , 12M   -   ,  2.88M    ↓     4.9% ,4.86
509, 509     ↓    4  ,   Mother Goose Club Playhouse ,  Education  , 12M   -   ,  1.05M   ↑   46% ,2.98
510, 510   ↑   3  ,   Niana Guerrero ,  Entertainment  , 12M ↑  0.8% ,  2.94M   ↑   2.4% ,4.38
511, 511   ↑   8  ,   Matt Steffanina ,  Entertainment  , 12M ↑  0.8% ,  665.13K   ↑   4.7% ,2.85
512, 512   ↑   5  ,   MiawAug ,  Gaming  , 12M ↑  0.8% ,  1.44M   ↑   11.9% ,3.87
513, 513   ↑   7  ,   Machinima , , 11.9M   -   ,  600K    -    ,0.91
514, 514   ↑   2  ,   Bela Bagunça ,  Entertainment  , 11.9M   -   ,  553.04K    ↓     7% ,3.01
515, 515   ↑   3  ,   FAP TV ,  Film & Animation  , 11.9M   -   ,  3.77M   ↑   1.3% ,4.59
516, 516   ↑   5  ,   Dave and Ava - Nursery Rhymes and Baby Songs ,  Education  , 11.9M ↑  0.9% ,  979.26K   ↑   1.8% ,3.37
517, 517     ↓    5  ,   theRadBrad ,  Gaming  , 11.9M   -   ,  265.29K    ↓     29.8% ,3.03
518, 518   ↑   6  ,   Трум Трум ,  Howto & Style  , 11.9M ↑  0.9% ,  1.21M   ↑   3.1% ,4.13
519, 519     ↓    4  ,   Linus Tech Tips ,  Science & Technology  , 11.9M   -   ,  1.47M    ↓     7.6% ,3.77
520, 520   ↑   5  ,   Wesley Safadão ,  Music  , 11.9M ↑  0.9% ,  5.84M   ↑   4.5% ,4.37
521, 521     ↓    11  ,   Its JoJo Siwa ,  Entertainment  , 11.9M   -   ,  880.33K   ↑   3.4% ,2.94
522, 522   ↑   11  ,   Kids Play ,  Entertainment  , 11.9M ↑  1.7% ,  1.04M    ↓     8.1% ,4.13
523, 523     ↓    12  ,   Bie The Ska ,  Entertainment  , 11.9M   -   ,  1.24M    ↓     5.5% ,3.53
524, 524   ↑   8  ,   Les' Copaque Production ,  Entertainment  , 11.8M ↑  0.9% ,  4.95M   ↑   6.8% ,4.43
525, 525   ↑   4  ,   The Shiny Peanut ,  Entertainment  , 11.8M ↑  0.9% ,  140.31K   ↑   11.2% ,3.21
526, 526     -   ,   Deddy Corbuzier ,  Entertainment  , 11.8M ↑  0.9% ,  3.93M    ↓     2.1% ,5
527, 527     -   ,   TRANS TV Official ,  Entertainment  , 11.8M ↑  0.9% ,  6.58K   ↑   154.6% ,3.86
528, 528     ↓    5  ,   The World Adventures हिन्दी ,  People & Blogs  , 11.8M   -   ,  721.67K   ↑   15.2% ,3.41
529, 529     ↓    7  ,   dangmattsmith ,  Gaming  , 11.8M   -   ,  307.08K    ↓     7.8% ,2.87
530, 530     ↓    2  ,   Vijay Television ,  Entertainment  , 11.8M ↑  0.9% ,  1.03M   ↑   24.8% ,3.42
531, 531     ↓    17  ,   Ami Rodriguez ,  Entertainment  , 11.7M   ↓   1.7% ,  3.26M    -    ,4.1
532, 532     ↓    2  ,   Dani Russo Tv ,  Entertainment  , 11.7M   -   ,  514.08K   ↑   8.1% ,3.17
533, 533     ↓    2  ,   Online Job ,  Science & Technology  , 11.7M   -   ,  45.57K   ↑   29.2% ,2.91
534, 534   ↑   4  ,   ช่อง8 : ThaiCh8 ,  Entertainment  , 11.7M ↑  0.9% ,  35.85K    ↓     31.5% ,2.47
535, 535   ↑   6  ,   Atlantic Records ,  Music  , 11.6M ↑  0.9% ,  22.82K   ↑   3.9% ,2.67
536, 536   ↑   8  ,   melanie martinez ,  Music  , 11.6M ↑  0.9% ,  13.88M   ↑   6.3% ,1.08
537, 537     -   ,   infobells ,  Education  , 11.6M   -   ,  427.31K    ↓     0.5% ,2.52
538, 538     ↓    2  ,   ★ Kids Roma Show ,  Entertainment  , 11.6M   -   ,  14.18M   ↑   0.6% ,0.95
539, 539     ↓    5  ,   JesseAndMike ,  Entertainment  , 11.6M   -   ,  1.27M    ↓     11% ,2.69
540, 540     -   ,   ChainsmokersVEVO ,  Music  , 11.6M   -   ,  2.35M   ↑   0.9% ,0.94
541, 541     ↓    6  ,   EU FICO LOKO ,  Entertainment  , 11.6M   -   ,  308.14K   ↑   7.7% ,2.97
542, 542   ↑   6  ,   Dyland PROS ,  Gaming  , 11.6M ↑  1.8% ,  1.14M   ↑   27.8% ,3.56
543, 543     ↓    4  ,   Pop Chartbusters ,  Music  , 11.6M   -   ,  129.48K   ↑   1.5% ,2.72
544, 544   ↑   1  ,   etvteluguindia ,  Entertainment  , 11.6M ↑  0.9% ,  27.75K    ↓     63.8% ,4.6
545, 545   ↑   1  ,   Wassabi ,  Entertainment  , 11.5M   -   ,  327.38K    ↓     11.3% ,2.66
546, 546   ↑   1  ,   Jason Vlogs ,  People & Blogs  , 11.5M ↑  0.9% ,  587.26K   ↑   10.2% ,3.28
547, 547     ↓    5  ,   Kiddiestv Hindi ,  Education  , 11.5M   -   ,  3.95M    ↓     11.2% ,2.67
548, 548   ↑   8  ,   SonyMusicSouthVEVO ,  Music  , 11.5M ↑  0.9% ,  283.66K    ↓     23.3% ,1.48
549, 549     ↓    6  ,   DemiLovatoVEVO ,  Music  , 11.5M   -   ,  11.83M   ↑   0.1% ,1.74
550, 550   ↑   2  ,   And TV ,  Entertainment  , 11.5M ↑  0.9% ,  335.81K   ↑   4.5% ,2.85
551, 551     ↓    1  ,   #Refúgio Mental ,  Entertainment  , 11.5M ↑  0.9% ,  612.74K    ↓     1.6% ,2.86
552, 552   ↑   3  ,   Tiana ,  Gaming  , 11.4M   -   ,  255.53K    ↓     8% ,2.89
553, 553   ↑   12  ,   LetsGoMartin- Canciones Infantiles ,  Entertainment  , 11.4M ↑  0.9% ,  537.69K   ↑   0.5% ,2.48
554, 554     ↓    1  ,   SriBalajiMovies ,  Entertainment  , 11.4M   -   ,  15.11K   ↑   89.2% ,3.09
555, 555   ↑   14  ,   Vlad and Niki Arabic ,  Entertainment  , 11.4M ↑  0.9% ,  4.87M   ↑   22.1% ,4.55
556, 556     ↓    5  ,   FunToys Collector Disney Toys Review ,  Entertainment  , 11.4M   -   ,  97.17K   ↑   0.8% ,0.76
557, 557   ↑   5  ,   elliegoulding ,  Music  , 11.4M ↑  0.9% ,  808.35K   ↑   0.9% ,1.11
558, 558     ↓    9  ,   CrashCourse ,  Education  , 11.4M   -   ,  125.42K    ↓     9.5% ,2.6
559, 559     ↓    2  ,   CrazyRussianHacker ,  Science & Technology  , 11.4M   -   ,  169.72K   ↑   11.4% ,2.63
560, 560     ↓    6  ,   MrGear ,  Entertainment  , 11.4M   -   ,  3.41M   ↑   2.9% ,2.37
561, 561     ↓    3  ,   DALLMYD ,  Sports  , 11.3M   -   ,  1.98M    ↓     5.7% ,3.99
562, 562   ↑   5  ,   La Rosa de Guadalupe ,  Entertainment  , 11.3M   -   ,  368.7K    ↓     5.9% ,3.25
563, 563     ↓    3  ,   MyLifeAsEva ,  Howto & Style  , 11.3M   -   ,  2.59M   ↑   0.2% ,2.4
564, 564     ↓    1  ,   Sky Does Everything ,  Gaming  , 11.3M   -   ,  66.75K   ↑   0.6% ,1.56
565, 565     ↓    6  ,   Meghan Trainor ,  People & Blogs  , 11.3M   -   ,  151.95K   ↑   0.5% ,2.24
566, 566     ↓    5  ,   Morgz ,  Entertainment  , 11.3M   -   ,  1.93M    ↓     1.4% ,3.67
567, 567     ↓    3  ,   ExpCaseros ,  Howto & Style  , 11.3M   -   ,  529.42K    ↓     0.3% ,2.84
568, 568     -   ,   Maya and Mary [EN] ,  Music  , 11.3M   -   ,  296.23K   ↑   34.3% ,3.95
569, 569     ↓    3  ,   twenty one pilots ,  Music  , 11.3M   -   ,  20.23M   ↑   1.2% ,1
570, 570   ↑   5  ,   Gibby :) ,  People & Blogs  , 11.3M ↑  0.9% ,  6.82M    ↓     0% ,2.17
571, 571   ↑   3  ,   Dudu Moura ,  Entertainment  , 11.2M   -   ,  18.69M    ↓     2.2% ,4.4
572, 572   ↑   1  ,   Little Baby Bum en Español ,  Education  , 11.2M   -   ,  93.04K   ↑   3.9% ,2.45
573, 573   ↑   8  ,   AMARIN TVHD ,  News & Politics  , 11.2M ↑  0.9% ,  31.83K   ↑   41.2% ,2.84
574, 574     ↓    4  ,   Zoella ,  Howto & Style  , 11.2M   -   ,  1.42M   ↑   0.1% ,0.91
575, 575     ↓    3  ,   Adexe & Nau ,  Music  , 11.2M   -   ,  351.79K    ↓     36.5% ,2.77
576, 576     ↓    5  ,   Health Time ,  People & Blogs  , 11.2M   -   ,  37.82K   ↑   2.3% ,2.79
577, 577   ↑   3  ,   Mis Pastelitos ,  Howto & Style  , 11.1M   -   ,  2.51M    ↓     6.7% ,4.77
578, 578     ↓    1  ,   Ja Mill ,  Entertainment  , 11.1M   -   ,  2.72M    ↓     3% ,4.56
579, 579   ↑   3  ,   Conor Maynard ,  Music  , 11.1M   -   ,  11.63M   ↑   1.2% ,1.59
580, 580   ↑   9  ,   Mohamed Ramadan I محمد رمضان ,  Entertainment  , 11.1M ↑  0.9% ,  6.76M   ↑   4% ,4.46
581, 581     ↓    2  ,   It's Mamix ,  People & Blogs  , 11.1M   -   ,  10.42M   ↑   0.3% ,0.89
582, 582     ↓    6  ,   Ya - Alisa ,  Entertainment  , 11.1M   -   ,  437.5K   ↑   0.6% ,1.23
583, 583   ↑   7  ,   Gallina Pintadita ,  Film & Animation  , 11.1M ↑  0.9% ,  48.58M    ↓     6.8% ,2.13
584, 584     ↓    6  ,   Nao FunFun ,  Entertainment  , 11.1M   -   ,  19.51K    ↓     3.4% ,2.4
585, 585   ↑   19  ,   Like Nastya PRT ,  Entertainment  , 11.1M ↑  1.8% ,  4.08M    ↓     12.7% ,4.88
586, 586   ↑   15  ,   Daftar Populer ,  Entertainment  , 11.1M ↑  1.8% ,  451.22K    ↓     24.6% ,3.48
587, 587     ↓    3  ,   luzugames ,  Gaming  , 11M   -   ,  432.15K   ↑   0.7% ,2.92
588, 588   ↑   3  ,   Team Films Bhojpuri ,  Music  , 11M   -   ,  341.13K   ↑   117.4% ,2.92
589, 589     ↓    3  ,   Telemundo ,  Entertainment  , 11M   -   ,  1.27K    ↓     83.6% ,2.5
590, 590   ↑   5  ,   Neha Kakkar ,  Music  , 11M ↑  0.9% ,  20.72M   ↑   0.9% ,2.85
591, 591     ↓    3  ,   AviciiOfficialVEVO ,  Music  , 11M   -   ,  3.96M   ↑   0.9% ,0.96
592, 592   ↑   4  ,   Doc Tops ,  Entertainment  , 11M ↑  0.9% ,  1.67M    ↓     3.5% ,3.66
593, 593   ↑   1  ,   Saad Lamjarred | سعد لمجرد ,  Music  , 11M ↑  0.9% ,  16.24M    ↓     26.8% ,2.88
594, 594   ↑   9  ,   BabyBus - Cerita & Lagu Anak-anak ,  Education  , 11M ↑  0.9% ,  2.97M    ↓     8.9% ,4.85
595, 595     ↓    10  ,   Talking Angela ,  Entertainment  , 11M   -   ,  7.05M   ↑   0.9% ,3.65
596, 596     ↓    4  ,   Dolan Twins ,  Comedy  , 11M   -   ,  3.94M    ↓     9.6% ,4.52
597, 597   ↑   2  ,   Kinder Spielzeug Kanal ,  Entertainment  , 11M ↑  0.9% ,  1.69M   ↑   20.3% ,2.49
598, 598     ↓    15  ,   Baby Big Mouth ,  Entertainment  , 11M   -   ,  9.52K    ↓     23.5% ,2.06
599, 599     ↓    12  ,   Juliana Baltar ,  Entertainment  , 11M   -   ,  464.05K    ↓     3.3% ,2.96
600, 600   ↑   2  ,   MK MUSIC ,  Music  , 11M ↑  0.9% ,  85.83K    ↓     51.1% ,3.06
601, 601     ↓    3  ,   ShawnMendesVEVO ,  Music  , 10.9M   -   ,  61.2M    ↓     4.3% ,0.94
602, 602     ↓    6  ,   Miranda Sings ,  Comedy  , 10.9M   -   ,  802.62K   ↑   4% ,2.88
603, 603   ↑   6  ,   T3ddy ,  People & Blogs  , 10.9M ↑  0.9% ,  734.32K   ↑   8% ,3.25
604, 604   ↑   4  ,   PowerKids TV ,  Film & Animation  , 10.9M ↑  0.9% ,  450K   ↑   1.1% ,3.7
605, 605     ↓    12  ,   Ch7HD ,  Entertainment  , 10.9M   -   ,  28.11K   ↑   10.5% ,2.66
606, 606     ↓    7  ,   CaptainSparklez ,  Gaming  , 10.9M   -   ,  228.54K    ↓     1.6% ,2.76
607, 607     ↓    1  ,   GMM25Thailand ,  Entertainment  , 10.9M ↑  0.9% ,  27.39K   ↑   25.2% ,3.04
608, 608   ↑   3  ,   5incominutos ,  Entertainment  , 10.8M   -   ,  1M   ↑   0.1% ,1.84
609, 609     ↓    2  ,   Emily Tube ,  Entertainment  , 10.8M   -   ,  72.14K   ↑   1.1% ,2.31
610, 610   ↑   2  ,   O Que Não Dizer Oficial ,  Entertainment  , 10.8M   -   ,  1.39M    ↓     0.6% ,3.71
611, 611   ↑   3  ,   ElTrollino ,  Gaming  , 10.8M ↑  0.9% ,  5.36M    ↓     5.1% ,5
612, 612   ↑   5  ,   CNN ,  News & Politics  , 10.8M ↑  0.9% ,  877.39K   ↑   172.7% ,2.23
613, 613     ↓    8  ,   ATHLEAN-X™ ,  Howto & Style  , 10.8M   -   ,  824.02K    ↓     7.7% ,3.03
614, 614     ↓    4  ,   TheWeekndVEVO ,  Music  , 10.8M   -   ,  16.85M   ↑   3% ,3.85
615, 615     ↓    2  ,   DaniRep | +6 Vídeos Diarios De GTA 5 Online! ,  Gaming  , 10.7M   -   ,  394.34K    ↓     7.7% ,3.16
616, 616   ↑   26  ,   NOBRU ,  Gaming  , 10.7M ↑  1.9% ,  2.18M    ↓     3.8% ,4.26
617, 617     ↓    2  ,   Anaysa ,  Howto & Style  , 10.7M   -   ,  3.63M    ↓     1.1% ,4.69
618, 618     -   ,   Galo Frito ,  Comedy  , 10.7M   -   ,  897.01K   ↑   1.7% ,2.3
619, 619     ↓    3  ,   As/Is ,  People & Blogs  , 10.7M   -   ,  162.07K    ↓     18.6% ,2.72
620, 620   ↑   12  ,   Arif muhammad ,  Comedy  , 10.6M ↑  0.9% ,  3.06M    ↓     2.7% ,4.75
621, 621   ↑   8  ,   TV Ana Emilia ,  Entertainment  , 10.6M ↑  0.9% ,  5.89M   ↑   1.5% ,4.76
622, 622     ↓    2  ,   RiceGum ,  Entertainment  , 10.6M   -   ,  2.51M   ↑   0.2% ,1.77
623, 623   ↑   4  ,   Viih Tube ,  Entertainment  , 10.6M   -   ,  377.86K   ↑   2.9% ,3.08
624, 624   ↑   11  ,   RedeTV ,  Entertainment  , 10.6M ↑  0.9% ,  3.92K    ↓     48.7% ,2.18
625, 625     ↓    4  ,   colinfurze ,  Entertainment  , 10.6M   -   ,  4.52M   ↑   0.2% ,3.04
626, 626     ↓    3  ,"   SaraBeautyCorner - DIY, Comedy, Makeup, Nail Art ",  Howto & Style  , 10.6M   -   ,  41.09M   ↑   0.1% ,0.93
627, 627     ↓    2  ,   Jesse ,  Comedy  , 10.6M   -   ,  1.99M   ↑   0.4% ,2.18
628, 628     ↓    2  ,   Coisa de Nerd ,  Science & Technology  , 10.6M   -   ,  1.27M    ↓     0.5% ,3.39
629, 629   ↑   26  ,   Dream ,  Gaming  , 10.6M ↑  1.9% ,  14.76M   ↑   1.3% ,4.7
630, 630   ↑   8  ,   ExplosmEntertainment ,  Comedy  , 10.6M ↑  0.9% ,  510.14K   ↑   0.2% ,2.85
631, 631   ↑   3  ,   HAR PAL GEO ,  Entertainment  , 10.6M ↑  0.9% ,  130.38K   ↑   1420.8% ,4.75
632, 632     ↓    13  ,   NMF News ,  News & Politics  , 10.6M   -   ,  3.53K    ↓     67.7% ,2.65
633, 633     ↓    9  ,   fouseyTUBE ,  Entertainment  , 10.6M   -   ,  647.07K   ↑   0.4% ,2.37
634, 634     ↓    12  ,   Naz | ناز ,  People & Blogs  , 10.6M   -   ,  554.48K   ↑   9.8% ,3.28
635, 635   ↑   2  ,   gymvirtual ,  Sports  , 10.5M   -   ,  251.74K    ↓     0.8% ,3.13
636, 636     ↓    8  ,   BCC Trolling ,  Gaming  , 10.5M   -   ,  498.61K    ↓     5.8% ,3.05
637, 637   ↑   17  ,   Troom Troom PT ,  Howto & Style  , 10.5M ↑  1% ,  814.18K   ↑   40.6% ,3.76
638, 638     ↓    7  ,   RomanAtwood ,  Entertainment  , 10.5M   -   ,  19.01M   ↑   0% ,0.88
639, 639     ↓    9  ,   AdamThomasMoran ,  Comedy  , 10.5M   -   ,  1.11M    ↓     3.4% ,3.27
640, 640     ↓    1  ,   Migos ATL ,  Music  , 10.5M   -   ,  74.98M   ↑   0.3% ,0.96
641, 641     ↓    5  ,   CNCO ,  Music  , 10.5M   -   ,  2.07M    ↓     0.9% ,2.09
642, 642   ↑   9  ,   Ninja Kidz TV ,  Entertainment  , 10.5M ↑  1% ,  6.45M   ↑   5.3% ,4.56
643, 643     -   ,   5-Minute Crafts FAMILY ,  Howto & Style  , 10.5M   -   ,  130.91K    ↓     8.9% ,3.07
644, 644     ↓    4  ,   Mejores Juguetes ,  Entertainment  , 10.5M   -   ,  200.62K   ↑   4% ,0.93
645, 645     ↓    1  ,   Vania Mania Kids ,  Education  , 10.5M ↑  1% ,  2.19M   ↑   1.9% ,4.67
646, 646     ↓    13  ,   Juanpa Zurita ,  Comedy  , 10.5M   -   ,  2.53M   ↑   0.3% ,3.05
647, 647   ↑   2  ,   Ei Nerd ,  Entertainment  , 10.5M ↑  1% ,  237.01K    ↓     14% ,3.36
648, 648     ↓    7  ,   Just For Laughs Gags ,  Comedy  , 10.5M   -   ,  301.44K   ↑   1.9% ,2.65
649, 649   ↑   1  ,   Lulu99 ,  Entertainment  , 10.5M ↑  1% ,  3.39M   ↑   6.8% ,4.83
650, 650     ↓    3  ,   Harsh Beniwal ,  Comedy  , 10.5M ↑  1% ,  15.84M   ↑   3% ,4.23
651, 651   ↑   5  ,   Vlad and Niki IDN ,  Entertainment  , 10.5M ↑  1% ,  4.41M    ↓     13.5% ,4.65
652, 652   ↑   1  ,   JJ Olatunji ,  Entertainment  , 10.5M ↑  1% ,  4.21M   ↑   1.3% ,4.87
653, 653   ↑   4  ,   NishaMadhulika ,  Howto & Style  , 10.4M ↑  1% ,  366.07K    ↓     1.9% ,2.9
654, 654     ↓    2  ,   Saturday Night Live ,  Entertainment  , 10.4M   -   ,  554.56K    ↓     3.6% ,1.17
655, 655   ↑   20  ,   Zuni and Family ,  People & Blogs  , 10.4M ↑  2% ,  13M   ↑   2.4% ,1.8
656, 656     ↓    11  ,   RCTI - LAYAR DRAMA INDONESIA ,  Entertainment  , 10.4M   -   ,  18.27K   ↑   73.9% ,2.79
657, 657     ↓    11  ,   Annoying Orange ,  Entertainment  , 10.4M   -   ,  335.92K    ↓     21.3% ,2.75
658, 658     ↓    10  ,   HUM TV ,  Entertainment  , 10.4M   -   ,  181.25K   ↑   55.7% ,4.62
659, 659   ↑   6  ,   Jazzghost ,  Gaming  , 10.4M ↑  1% ,  531.21K   ↑   1.2% ,3.18
660, 660     ↓    2  ,   Área Secreta ,  People & Blogs  , 10.3M   -   ,  535.89K   ↑   1.9% ,2.9
661, 661   ↑   1  ,   Tanner Fox ,  Entertainment  , 10.3M   -   ,  802.6K    ↓     0.3% ,3.05
662, 662     ↓    3  ,   Avril Lavigne ,  Music  , 10.3M   -   ,  6.66M   ↑   0.5% ,0.99
663, 663     -   ,   ABS-CBN News ,  News & Politics  , 10.3M   -   ,  21.87K   ↑   225.5% ,2.22
664, 664   ↑   8  ,   FC Barcelona ,  Sports  , 10.3M ↑  1% ,  463.51K    ↓     42.8% ,3.41
665, 665     ↓    5  ,   Primitive Technology ,  People & Blogs  , 10.3M   -   ,  11.62M   ↑   0.3% ,0.82
666, 666     ↓    2  ,   OficialHungria ,  Music  , 10.3M   -   ,  35.63M   ↑   1.9% ,4.62
667, 667     ↓    6  ,   MileyCyrusVEVO ,  Music  , 10.3M   -   ,  12.43M   ↑   2.6% ,3.98
668, 668   ↑   6  ,   SUPER SLICK SLIME SAM ,  Entertainment  , 10.3M ↑  1% ,  1.26M    ↓     6.8% ,4.11
669, 669     ↓    3  ,   Lokdhun Punjabi ,  Music  , 10.2M   -   ,  2.09M   ↑   1% ,3.83
670, 670     ↓    2  ,   VitalyzdTv ,  Entertainment  , 10.2M   -   ,  508.22K   ↑   0.6% ,1.14
671, 671   ↑   14  ,   Sab kuchh sikho jano ,  News & Politics  , 10.2M ↑  1% ,  248.04K    ↓     6.5% ,2.87
672, 672   ↑   1  ,   DJ Khaled ,  People & Blogs  , 10.2M   -   ,  352.39K   ↑   2.6% ,1.71
673, 673     ↓    4  ,   Typical Gamer ,  Gaming  , 10.2M   -   ,  1.31M    ↓     7.7% ,3.82
674, 674     ↓    3  ,   Luan Santana ,  Music  , 10.2M   -   ,  3.75M    ↓     2% ,3.63
675, 675     ↓    8  ,   The Q ,  Science & Technology  , 10.2M   -   ,  4.93M    ↓     0.7% ,3.48
676, 676   ↑   19  ,   DopeLyrics ,  Music  , 10.2M ↑  2% ,  103.72K    ↓     18.9% ,3.25
677, 677     ↓    7  ,   SBT Online ,  Entertainment  , 10.2M   -   ,  19.79K   ↑   42.2% ,2.95
678, 678     ↓    2  ,   Awakening Music ,  Music  , 10.1M   -   ,  486.89K   ↑   2% ,1.28
679, 679   ↑   2  ,   P!NK ,  Music  , 10.1M   -   ,  4.22M   ↑   0.7% ,1.01
680, 680     ↓    3  ,   BuzzFeed Multiplayer ,  Gaming  , 10.1M   -   ,  210.99K    ↓     11.9% ,2.48
681, 681   ↑   1  ,   Cut ,  Entertainment  , 10.1M   -   ,  267.64K   ↑   1.7% ,2.72
682, 682   ↑   7  ,   50 Cent ,  Music  , 10.1M ↑  1% ,  4.32M   ↑   0.4% ,1.91
683, 683     ↓    5  ,   Deji ,  Entertainment  , 10.1M   -   ,  651.15K    ↓     12.2% ,3.04
684, 684   ↑   12  ,   LEGO ,  Entertainment  , 10.1M ↑  1% ,  14.85K    ↓     34% ,2.76
685, 685     ↓    5  ,   Craftingeek* ,  Howto & Style  , 10.1M   -   ,  1.13M    ↓     9.7% ,3.5
686, 686   ↑   15  ,   Eva Bravo Play ,  Entertainment  , 10.1M ↑  1.3% ,  8.45M    ↓     3.4% ,4.95
687, 687     ↓    8  ,   JD Pantoja ,  Music  , 10.1M   -   ,  54.68M   ↑   0.4% ,0.95
688, 688     ↓    5  ,   LA DIVAZA ,  Entertainment  , 10.1M   -   ,  4.46M   ↑   0.3% ,4.11
689, 689   ↑   10  ,   व्लाद और निकिता ,  Entertainment  , 10.1M ↑  1% ,  8.67M   ↑   7.2% ,4.88
690, 690   ↑   2  ,   UFC - Ultimate Fighting Championship ,  Sports  , 10.1M ↑  1% ,  562.27K    ↓     4.6% ,3.3
691, 691   ↑   3  ,   Kluna Tik ,  Entertainment  , 10.1M ↑  1% ,  1.7M    ↓     7.3% ,3.16
692, 692     ↓    8  ,   News18 India ,  News & Politics  , 10.1M   -   ,  14.29K   ↑   192.2% ,2.32
693, 693     ↓    3  ,   Давай поиграем в игрушки ,  People & Blogs  , 10M   -   ,  5.78M   ↑   0.3% ,1.49
694, 694   ↑   9  ,   Zach Choi ASMR ,  People & Blogs  , 10M ↑  0.6% ,  2.64M   ↑   1.9% ,4.29
695, 695     ↓    4  ,   Piuzinho ,  Gaming  , 10M   -   ,  1.41M    ↓     2.3% ,3.48
696, 696     ↓    3  ,   SiaVEVO ,  Music  , 10M   -   ,  25.66M   ↑   0.4% ,0.94
697, 697     ↓    9  ,   tanboy kun ,  Entertainment  , 10M   -   ,  3.48M    ↓     1.1% ,4.99
698, 698   ↑   13  ,   Prajapati News ,  Entertainment  , 10M ↑  1.1% ,  208.16K    ↓     12.5% ,3.16
699, 699     ↓    2  ,   ImagineDragonsVEVO ,  Music  , 10M   -   ,  75.96M   ↑   0.6% ,0.95
700, 700     ↓    14  ,   Bart Baker ,  Comedy  , 10M   -   ,  6.14M   ↑   0.1% ,0.91
701, 701     ↓    3  ,   Lil Nas X ,  Music  , 10M   -   ,  105.94M   ↑   0.3% ,0.99
702, 702     ↓    9  ,   NEXT9NEWS हर खबर आप तक ,  Entertainment  , 10M   -   ,  5.31K   ↑   70% ,2.04
703, 703     ↓    1  ,   MNCTV Official ,  Entertainment  , 10M ↑  0.6% ,  20.68K   ↑   88.1% ,2.79
704, 704   ↑   3  ,   Franciny Ehlke ,  People & Blogs  , 9.98M ↑  0.6% ,  1.03M   ↑   2.9% ,3.46
705, 705     ↓    5  ,   Toys Make Me Smile ,  Entertainment  , 9.98M ↑  0.1% ,  29.16M   ↑   0.3% ,0.78
706, 706   ↑   4  ,   НТВ ,  News & Politics  , 9.97M ↑  0.7% ,  98.4K   ↑   96.1% ,3.66
707, 707   ↑   8  ,   ولاية بطيخ | Melon City Show ,  Comedy  , 9.94M ↑  0.7% ,  631.77K    ↓     11.9% ,3.53
708, 708     ↓    3  ,   El Rincón De Giorgio ,  Entertainment  , 9.94M ↑  0.1% ,  1.39M    ↓     1.6% ,3.39
709, 709     ↓    6  ,   Toys And Funny Kids Play Doh Cartoons ,  Entertainment  , 9.94M   -   ,  10.99K   ↑   1.4% ,2.22
710, 710   ↑   4  ,   Thairath ,  News & Politics  , 9.93M ↑  0.6% ,  26.21K   ↑   599.6% ,2.41
711, 711     ↓    3  ,   Chill Nation ,  Music  , 9.93M ↑  0.2% ,  85.86K    ↓     7% ,2.68
712, 712     ↓    3  ,   Fortnite ,  Gaming  , 9.92M ↑  0.2% ,  1.9M    ↓     7.7% ,4.22
713, 713   ↑   9  ,   The Royalty Family ,  People & Blogs  , 9.92M ↑  1% ,  3.42M   ↑   0.3% ,4.87
714, 714     ↓    8  ,   Bethany Mota ,  Howto & Style  , 9.91M   ↓   0.1% ,  883.51K    ↓     4.3% ,1.53
715, 715   ↑   5  ,   Top Viral Talent ,  Entertainment  , 9.9M ↑  0.6% ,  278.15K   ↑   18.7% ,2.5
716, 716     ↓    4  ,   How It Should Have Ended ,  Film & Animation  , 9.89M ↑  0.1% ,  3.94M    ↓     1.7% ,1.65
717, 717     -   ,   Maymo ,  Pets & Animals  , 9.88M ↑  0.2% ,  4.45M    ↓     0.6% ,3.72
718, 718     ↓    5  ,   Pina Records ,  Music  , 9.88M ↑  0.1% ,  35.57M   ↑   0.4% ,0.96
719, 719     ↓    3  ,   HellomaphieMX ,  Entertainment  , 9.87M ↑  0.1% ,  984.95K   ↑   1.4% ,2.44
720, 720   ↑   4  ,   ABC News ,  News & Politics  , 9.86M ↑  0.6% ,  86.58K   ↑   43.6% ,3.14
721, 721     ↓    3  ,   FifthHarmonyVEVO ,  Music  , 9.86M   -   ,  27.23M   ↑   0.1% ,0.94
722, 722   ↑   6  ,   Bollywood Classics ,  Music  , 9.86M ↑  0.9% ,  57.2K    ↓     6.3% ,2.51
723, 723     ↓    4  ,   Comedy Central ,  Comedy  , 9.86M ↑  0.1% ,  179.49K   ↑   13.3% ,2.72
724, 724     ↓    1  ,   Dobre Brothers ,  Entertainment  , 9.85M ↑  0.3% ,  1.72M    ↓     5.9% ,4.12
725, 725   ↑   10  ,   Lucas Rangel ,  Comedy  , 9.85M ↑  1.1% ,  809.92K   ↑   24.1% ,3.06
726, 726     ↓    5  ,   Dalas Review ,  People & Blogs  , 9.84M ↑  0.1% ,  1.16M    ↓     2.3% ,3.41
727, 727   ↑   5  ,   Маша та Ведмідь ,  Education  , 9.82M ↑  0.7% ,  416.02K   ↑   59.8% ,2.61
728, 728   ↑   10  ,   Johny FamilyShow ,  Entertainment  , 9.81M ↑  1.2% ,  2.5M   ↑   1.4% ,2.34
729, 729   ↑   4  ,   CookingShooking Hindi ,  Howto & Style  , 9.81M ↑  0.6% ,  654.07K    ↓     4.5% ,2.77
730, 730     ↓    5  ,   Videogyan - Nursery Rhymes & Songs For Kids ,  Education  , 9.81M ↑  0.3% ,  895.3K    ↓     35.5% ,2.86
731, 731     ↓    5  ,   Lahari Music | T-Series ,  Music  , 9.81M ↑  0.4% ,  42.99K    ↓     80.3% ,3.17
732, 732     ↓    1  ,   Mo Vlogs ,  People & Blogs  , 9.8M ↑  0.5% ,  1.19M   ↑   12.3% ,3.44
733, 733     ↓    6  ,   Lana Del Rey ,  Music  , 9.79M ↑  0.2% ,  29.13M   ↑   0.1% ,0.96
734, 734     ↓    5  ,   Make Joke Of ,  Entertainment  , 9.78M ↑  0.2% ,  41.2M   ↑   0.7% ,2.84
735, 735   ↑   2  ,   Zig & Sharko ,  Film & Animation  , 9.78M ↑  0.7% ,  2.09M    ↓     5.6% ,4.12
736, 736     ↓    6  ,   TheSyndicateProject ,  Gaming  , 9.75M   ↓   0.1% ,  126.55K    ↓     5.8% ,2.48
737, 737     ↓    3  ,   HoomanTV ,  Entertainment  , 9.75M ↑  0.1% ,  6.04M    ↓     2.7% ,4.17
738, 738   ↑   4  ,   Blippi ,  Education  , 9.74M ↑  0.7% ,  7.46M   ↑   6.8% ,4.87
739, 739     -   ,   Halsey ,  Music  , 9.72M ↑  0.4% ,  394.36K   ↑   0.3% ,1.29
740, 740     ↓    4  ,   PitbullVEVO ,  Music  , 9.71M   -   ,  4.16M   ↑   0.7% ,0.8
741, 741     ↓    1  ,   Jass Records ,  Music  , 9.71M ↑  0.4% ,  539.92K    ↓     3.2% ,3.7
742, 742   ↑   7  ,   LOUD ,  Gaming  , 9.71M ↑  0.9% ,  1.61M    ↓     1.6% ,4.84
743, 743   ↑   12  ,   Jane ASMR 제인 ,  People & Blogs  , 9.7M ↑  1.1% ,  1.49M   ↑   0.4% ,4.8
744, 744     ↓    3  ,   Goldmines Premiere ,  Film & Animation  , 9.7M ↑  0.3% ,  194.51K   ↑   38.5% ,2.76
745, 745     -   ,   UnspeakableGaming ,  Gaming  , 9.69M ↑  0.3% ,  534.66K    ↓     11.5% ,3.15
746, 746   ↑   1  ,   PowerfulJRE ,  People & Blogs  , 9.68M ↑  0.4% ,  3.81M    ↓     1.6% ,4.61
747, 747     ↓    4  ,   stampylonghead ,  Gaming  , 9.68M ↑  0.1% ,  267.63K    ↓     7.8% ,2.67
748, 748     -   ,   LipaoGamer ,  Gaming  , 9.68M ↑  0.5% ,  230.26K   ↑   10.3% ,3.38
749, 749     ↓    5  ,   ENJO Entertainment ,  Film & Animation  , 9.67M   -   ,  3.03K   ↑   13.4% ,2.75
750, 750     ↓    4  ,   Ray William Johnson ,  Education  , 9.66M   -   ,  114.53K    ↓     7.3% ,2.3
751, 751     ↓    5  ,   Ray William Johnson ,  Education  , 9.66M   -   ,  114.53K    ↓     7.3% ,2.3
752, 752   ↑   2  ,   Barbie ,  Entertainment  , 9.65M ↑  0.4% ,  432.76K    ↓     5.9% ,2.9
753, 753   ↑   13  ,   the Hacksmith ,  Science & Technology  , 9.64M ↑  1.3% ,  2.59M   ↑   0.4% ,4.55
754, 754     ↓    4  ,   Red Bull ,  Sports  , 9.63M ↑  0.2% ,  203.79K   ↑   7.3% ,2.49
755, 755     ↓    4  ,   MBC مصر ,  Entertainment  , 9.63M ↑  0.2% ,  9.7K    ↓     58.2% ,2.49
756, 756   ↑   5  ,   GMMTV ,  Entertainment  , 9.62M ↑  0.6% ,  85.35K    ↓     26.2% ,3.26
757, 757     -   ,   Wish 107.5 ,  Music  , 9.62M ↑  0.5% ,  395.98K   ↑   12.8% ,3.09
758, 758   ↑   2  ,   O Canal do Joãozinho - Little Angel Português ,  Entertainment  , 9.62M ↑  0.6% ,  4.87M    ↓     1.6% ,4.69
759, 759     ↓    6  ,   luisitorey ,  Entertainment  , 9.61M   -   ,  340.98K    ↓     1.4% ,2.69
760, 760     ↓    4  ,   GoPro ,  Sports  , 9.61M ↑  0.3% ,  286.92K   ↑   11.9% ,2.75
761, 761     ↓    3  ,   Rebecca Zamolo ,  Entertainment  , 9.6M ↑  0.3% ,  3.62M    ↓     6% ,4.83
762, 762   ↑   35  ,   Super Senya ,  Entertainment  , 9.6M ↑  2.4% ,  3.3M   ↑   47.8% ,4.47
763, 763     -   ,   ETV Jabardasth ,  Comedy  , 9.59M ↑  0.4% ,  476.95K    ↓     19.4% ,4.05
764, 764     ↓    5  ,   Niki and Gabi ,  Howto & Style  , 9.58M ↑  0.1% ,  1.87M    ↓     3.7% ,3.25
765, 765     ↓    3  ,   My Mate Nate ,  Entertainment  , 9.57M ↑  0.2% ,  760.42K    ↓     0.1% ,3.35
766, 766   ↑   3  ,   DANIEL EL TRAVIESO VIDEOS ,  Comedy  , 9.56M ↑  0.4% ,  2.78M    ↓     12.1% ,4.41
767, 767   ↑   6  ,   Peppa Pig em Português Brasil - Canal Oficial ,  Film & Animation  , 9.56M ↑  0.7% ,  3.28M   ↑   4.5% ,4.72
768, 768   ↑   6  ,   Daily Dose Of Internet ,  Entertainment  , 9.55M ↑  0.7% ,  7.14M    ↓     1.1% ,4.95
769, 769     ↓    1  ,   QPark ,  Entertainment  , 9.55M ↑  0.3% ,  6.23M   ↑   0.6% ,4.11
770, 770     ↓    6  ,   emma chamberlain ,  Entertainment  , 9.55M ↑  0.2% ,  4.12M   ↑   1.2% ,4.81
771, 771     -   ,   BBC ,  Entertainment  , 9.55M ↑  0.4% ,  123.08K   ↑   69.4% ,3.04
772, 772   ↑   4  ,   MR. INDIAN HACKER ,  Science & Technology  , 9.54M ↑  0.9% ,  3.5M    ↓     1.5% ,4.95
773, 773     ↓    6  ,   Jessie J ,  Music  , 9.54M ↑  0.2% ,  745.03K   ↑   0.2% ,0.94
774, 774   ↑   10  ,   Más SKabeche ,  Entertainment  , 9.53M ↑  1.2% ,  3.25M   ↑   1.9% ,4.7
775, 775     ↓    3  ,   Tyga ,  Music  , 9.52M ↑  0.3% ,  8.16M   ↑   1.1% ,1.06
776, 776     ↓    6  ,   DrakeVEVO ,  Music  , 9.51M   -   ,  155.72M   ↑   0.4% ,2.77
777, 777     ↓    2  ,   Lil Wayne ,  Music  , 9.51M ↑  0.3% ,  718.17K   ↑   18.7% ,2.77
778, 778   ↑   3  ,   TrapMusicHDTV ,  Music  , 9.49M ↑  0.4% ,  1.25M    ↓     1.5% ,3.99
779, 779   ↑   13  ,   Narins Beauty ,  Entertainment  , 9.48M ↑  1% ,  4.59M    ↓     2.1% ,4.95
780, 780   ↑   13  ,   123 GO! Spanish ,  Entertainment  , 9.48M ↑  1% ,  8.49M    ↓     6.2% ,4.76
781, 781     ↓    4  ,   Muselk ,  Gaming  , 9.47M ↑  0.1% ,  1.2M   ↑   5.3% ,3.54
782, 782     ↓    4  ,   Ice Cream Rolls ,  Entertainment  , 9.46M ↑  0.1% ,  161.47K    ↓     7.4% ,3.12
783, 783     ↓    3  ,   Rayito ,  People & Blogs  , 9.45M   -   ,  637.22K   ↑   0.1% ,1.65
784, 784   ↑   1  ,   Blippi Español ,  Education  , 9.45M ↑  0.3% ,  2.72M   ↑   4.6% ,4.65
785, 785     ↓    3  ,   Tomorrowland ,  Music  , 9.45M ↑  0.1% ,  70.23K   ↑   5.8% ,2.62
786, 786   ↑   10  ,   Zee Bangla ,  Entertainment  , 9.44M ↑  0.6% ,  154.88K   ↑   6.1% ,2.97
787, 787     ↓    8  ,   Rooster Teeth ,  Comedy  , 9.44M   ↓   0.1% ,  89.05K   ↑   1.1% ,2.47
788, 788     ↓    1  ,   Mari Maria ,  Entertainment  , 9.43M ↑  0.2% ,  444.8K    ↓     4.7% ,3.04
789, 789     ↓    6  ,   AsapSCIENCE ,  Education  , 9.43M   -   ,  1.03M    ↓     1.3% ,2.25
790, 790   ↑   1  ,   Simone e Simaria ,  Music  , 9.42M ↑  0.2% ,  4.52M   ↑   0.3% ,2.49
791, 791     ↓    2  ,   Google ,  Science & Technology  , 9.42M ↑  0.2% ,  1.52M    ↓     9.2% ,3.4
792, 792     ↓    6  ,   Wylsacom ,  Science & Technology  , 9.42M ↑  0.1% ,  747.15K    ↓     2.4% ,3.19
793, 793   ↑   5  ,   Chotoonz TV - Funny Cartoons for Kids ,  Film & Animation  , 9.41M ↑  0.4% ,  265.11K    ↓     26.9% ,2.71
794, 794     ↓    6  ,   Family Fun Pack ,  Entertainment  , 9.41M ↑  0.1% ,  357.96K   ↑   1.4% ,2.77
795, 795     ↓    5  ,   Laurinha e Helena - Clubinho da Laura ,  People & Blogs  , 9.41M ↑  0.1% ,  362.2K    ↓     0.8% ,2.78
796, 796     ↓    2  ,   TsMadaan ,  Education  , 9.41M ↑  0.3% ,  233.4K   ↑   5.1% ,2.62
797, 797   ↑   2  ,   Matheus e Kauan ,  Music  , 9.39M ↑  0.2% ,  4.78M    ↓     1.2% ,1.35
798, 798   ↑   3  ,   Yudist Ardhana ,  Entertainment  , 9.39M ↑  0.5% ,  547.71K    ↓     24.8% ,3.55
799, 799     ↓    4  ,   Toyscouter ,  Howto & Style  , 9.38M   -   ,   -    ,0.88
800, 800     -   ,   Wismichu ,  Entertainment  , 9.36M ↑  0.1% ,  2.63M   ↑   0.2% ,3.05
801, 801     ↓    1  ,   Wismichu ,  Entertainment  , 9.36M ↑  0.1% ,  2.63M   ↑   0.2% ,3.05
802, 802   ↑   1  ,   Programa Pânico Lab ,  Entertainment  , 9.35M ↑  0.1% ,  115.78K   ↑   0.6% ,1.6
803, 803   ↑   3  ,   Coke Studio ,  Music  , 9.35M ↑  0.3% ,  2.92M   ↑   9.3% ,1.12
804, 804     -   ,   办公室小野官方频道 Ms Yeah Official Channel ,  Howto & Style  , 9.35M ↑  0.2% ,  1.3M   ↑   1.4% ,1.77
805, 805     ↓    3  ,   Joey Graceffa ,  People & Blogs  , 9.35M ↑  0.1% ,  832.28K   ↑   5.1% ,2.7
806, 806   ↑   2  ,   JP Plays ,  Gaming  , 9.34M ↑  0.5% ,  748.72K   ↑   3.7% ,3.56
807, 807   ↑   15  ,   Aayu and Pihu Show ,  People & Blogs  , 9.32M ↑  1.6% ,  11.39M    ↓     0.8% ,5
808, 808     ↓    1  ,   Kuplinov ► Play ,  Gaming  , 9.31M ↑  0.2% ,  738.36K    ↓     7% ,3.44
809, 809   ↑   1  ,   Поззи ,  Gaming  , 9.3M ↑  0.4% ,  547.22K    ↓     1.8% ,3.23
810, 810   ↑   13  ,   Nat and Essie ,  Gaming  , 9.3M ↑  1.4% ,  64.95K    ↓     53.5% ,2.64
811, 811     -   ,   Caracol Raivoso ,  Comedy  , 9.29M ↑  0.3% ,  61.64K    ↓     99.1% ,1.21
812, 812     -   ,   Sidemen ,  Entertainment  , 9.29M ↑  0.4% ,  7.79M   ↑   1.5% ,4.7
813, 813   ↑   1  ,   T-Series Regional ,  Music  , 9.28M ↑  0.5% ,  32.61K   ↑   1.7% ,1.18
814, 814   ↑   10  ,   Ivana Alawi ,  People & Blogs  , 9.27M ↑  1.2% ,  7.09M    ↓     0.3% ,4.76
815, 815     ↓    6  ,   Karina Garcia ,  Howto & Style  , 9.26M   -   ,  1.18M    ↓     3.7% ,3.17
816, 816     -   ,   Mazhavil Manorama ,  Entertainment  , 9.26M ↑  0.7% ,  25.37K   ↑   7.9% ,3.24
817, 817     ↓    4  ,   ZarcortGame ,  Entertainment  , 9.25M ↑  0.1% ,  631.22K   ↑   2.6% ,1.16
818, 818     ↓    3  ,   GoldminesAction ,  Film & Animation  , 9.23M ↑  0.3% ,  81.48K   ↑   5.3% ,2.81
819, 819     -   ,   T-STUDIO ,  Howto & Style  , 9.23M ↑  0.5% ,  938.99K   ↑   32.5% ,3.12
820, 820     ↓    3  ,   DuDuPopTOY ,  Entertainment  , 9.22M ↑  0.3% ,  68.4K   ↑   1.6% ,2.42
821, 821   ↑   8  ,   Koo Koo TV - Hindi ,  Entertainment  , 9.22M ↑  1.2% ,  3.3M   ↑   20.7% ,4.88
822, 822     ↓    2  ,   TwinRoozi 쌍둥이 루지 ,  People & Blogs  , 9.21M ↑  0.3% ,  10.95M   ↑   0.2% ,4.07
823, 823   ↑   4  ,   BBC News Hindi ,  News & Politics  , 9.2M ↑  0.9% ,  162.23K   ↑   9.5% ,2.69
824, 824   ↑   1  ,   Vy Qwaint ,  Howto & Style  , 9.19M ↑  0.4% ,  6.9M   ↑   0.5% ,4.8
825, 825   ↑   5  ,   HZHtube Kids Fun ,  Entertainment  , 9.18M ↑  0.8% ,  1.45M   ↑   18.1% ,4.02
826, 826     ↓    8  ,   Tati ,  Howto & Style  , 9.18M   ↓   0.1% ,  1.29M   ↑   0.5% ,2.71
827, 827     ↓    6  ,   Haryanvi Maina ,  Music  , 9.18M ↑  0.1% ,  13.17K    ↓     3.2% ,2.51
828, 828   ↑   3  ,   BERTH OH! ,  Entertainment  , 9.16M ↑  0.5% ,  1.51M   ↑   11.6% ,3.84
829, 829   ↑   5  ,   Sun TV ,  Entertainment  , 9.15M ↑  0.8% ,  100.2K   ↑   72.1% ,2.66
830, 830     ↓    4  ,   LadyGagaVEVO ,  Music  , 9.14M   -   ,  51.23M   ↑   0.9% ,3.18
831, 831   ↑   7  ,   Zee Music Classic ,  Music  , 9.14M ↑  0.9% ,  7.29K   ↑   17.9% ,2.56
832, 832     ↓    4  ,   The Bee Family ,  People & Blogs  , 9.12M ↑  0.1% ,  789.41K    ↓     1.6% ,3.02
833, 833     ↓    1  ,   Pautips ,  Howto & Style  , 9.1M   -   ,  608.98K   ↑   1.5% ,2.79
834, 834   ↑   1  ,   SuperMarioLogan ,  Entertainment  , 9.1M ↑  0.3% ,  18.45M   ↑   0.3% ,1.01
835, 835     ↓    2  ,   PlaticaPolinesia ,  Music  , 9.1M   -   ,  7.11M   ↑   0.7% ,1.03
836, 836     -   ,   Clean Bandit ,  Music  , 9.09M ↑  0.2% ,  4.22M   ↑   3.5% ,3.22
837, 837   ↑   2  ,   The Film Theorists ,  Film & Animation  , 9.08M ↑  0.2% ,  2.51M    ↓     0.1% ,4.67
838, 838   ↑   2  ,   Brincando com o Rafael ,  Entertainment  , 9.08M ↑  0.2% ,  269.16K    ↓     85.1% ,2.3
839, 839   ↑   2  ,   Cris Devil Gamer ,  Gaming  , 9.06M ↑  0.3% ,  1.38M    ↓     8.9% ,4.2
840, 840   ↑   8  ,   ToyTocToc ,  Entertainment  , 9.06M ↑  1% ,  153K   ↑   7% ,2.16
841, 841     ↓    4  ,   WIFI ,  Music  , 9.06M   -   ,  106.44K   ↑   4.4% ,2.76
842, 842     -   ,   Raditya Dika ,  People & Blogs  , 9.04M ↑  0.2% ,  643.54K   ↑   7.8% ,3.11
843, 843   ↑   10  ,   7 Minutoz ,  Music  , 9.02M ↑  0.7% ,  3.13M   ↑   3.6% ,1.98
844, 844   ↑   3  ,   Stone Music Entertainment ,  Music  , 9.02M ↑  0.4% ,  76.3K    ↓     93% ,3.11
845, 845     ↓    2  ,   RocketJump ,  Film & Animation  , 9.01M   -   ,  1.51M   ↑   0.3% ,0.9
846, 846   ↑   4  ,   GIMS ,  Music  , 9.01M ↑  0.4% ,  6.05M   ↑   1.7% ,3.91
847, 847   ↑   4  ,   The Noite com Danilo Gentili ,  Comedy  , 9M ↑  0.3% ,  152.54K   ↑   20.6% ,2.99
848, 848     ↓    3  ,   Tauz ,  Music  , 9M ↑  0.1% ,  5.37M   ↑   0.1% ,0.95
849, 849     -   ,   NTN Vlogs ,  Entertainment  , 9M ↑  0.3% ,  3.01M    ↓     1% ,4.63
850, 850     ↓    6  ,   CinemaSins ,  Film & Animation  , 9M ↑  0.1% ,  626.61K   ↑   4.6% ,2.79
851, 851   ↑   4  ,   Kids smile TV ,  Entertainment  , 9M ↑  0.4% ,  3.81M   ↑   2.2% ,3.75
852, 852     -   ,   Kendrick Lamar , , 8.99M ↑  0.2% ,   -    ,0.76
853, 853   ↑   1  ,   الجانب المُشرق | Bright Side Arabic ,  Howto & Style  , 8.99M ↑  0.3% ,  28.31K    ↓     11.5% ,3.06
854, 854     ↓    7  ,   Safiya Nygaard ,  People & Blogs  , 8.98M   -   ,  10.79M   ↑   0.3% ,3.96
855, 855   ↑   12  ,   MyMissAnand ,  Entertainment  , 8.98M ↑  1.1% ,  10.25M    ↓     0.8% ,4.64
856, 856   ↑   15  ,   Rubius Z ,  Gaming  , 8.98M ↑  1.1% ,  4.79M   ↑   11.1% ,4.92
857, 857   ↑   1  ,   Wild 'N Out ,  Entertainment  , 8.97M ↑  0.2% ,  2.4M   ↑   2.9% ,2.52
858, 858     ↓    2  ,   FROST ,  Entertainment  , 8.96M ↑  0.1% ,  703.52K   ↑   0.5% ,2.83
859, 859   ↑   36  ,   TRT Ertugrul by PTV ,  Entertainment  , 8.96M ↑  2.4% ,  6.99M   ↑   3% ,5
860, 860   ↑   1  ,   Justin Timberlake ,  Music  , 8.95M ↑  0.2% ,  1.54M   ↑   0.1% ,0.9
861, 861     ↓    4  ,   RomeoSantosVEVO ,  Music  , 8.95M   -   ,  67.95M    ↓     19.6% ,0.92
862, 862     -   ,   Kylie Jenner ,  People & Blogs  , 8.95M ↑  0.3% ,  12.25M   ↑   0.3% ,3.86
863, 863     ↓    4  ,   FIFATV ,  Sports  , 8.94M   -   ,  43.88K    ↓     6.7% ,2.51
864, 864   ↑   10  ,   Totoykids Español ,  Film & Animation  , 8.94M ↑  0.9% ,  2.7M    ↓     0.3% ,1.88
865, 865   ↑   10  ,   Zee Telugu ,  Entertainment  , 8.94M ↑  1% ,  124.48K   ↑   19.4% ,4.53
866, 866   ↑   6  ,   Kabita's Kitchen ,  Howto & Style  , 8.93M ↑  0.7% ,  352.93K   ↑   7.1% ,3.21
867, 867   ↑   13  ,   NDTV India ,  Nonprofits & Activism  , 8.93M ↑  1.1% ,  1.22K    ↓     97.7% ,2.45
868, 868   ↑   1  ,   Hueva ,  Gaming  , 8.93M ↑  0.6% ,  1.57M   ↑   0.4% ,3.58
869, 869     ↓    9  ,   はじめしゃちょー（hajime） ,  Entertainment  , 8.93M   -   ,  1.82M    ↓     9.1% ,4.25
870, 870   ↑   15  ,   Netflix India ,  Entertainment  , 8.93M ↑  1.4% ,  386.76K    ↓     6.6% ,3.14
871, 871     ↓    7  ,   Star Casablanca | نجوم الدار البيضاء ,  Music  , 8.92M ↑  0.3% ,  3.94M   ↑   4.8% ,3.06
872, 872     ↓    9  ,   So Yummy ,  Howto & Style  , 8.92M ↑  0.2% ,  1.77M    ↓     15.2% ,2.83
873, 873     -   ,   TikTak Draw ,  Entertainment  , 8.9M ↑  0.3% ,  555.69K   ↑   11.2% ,3.26
874, 874     ↓    4  ,   Genius ,  Music  , 8.9M ↑  0.2% ,  111.68K   ↑   6.4% ,3
875, 875     ↓    7  ,   SAS-ASMR ,  Entertainment  , 8.89M ↑  0.1% ,  430.87K    ↓     9.6% ,3.07
876, 876     ↓    11  ,   Michelle Phan ,  Howto & Style  , 8.88M   -   ,  1.36M   ↑   0.2% ,1.16
877, 877     ↓    11  ,   LaurDIY ,  Howto & Style  , 8.88M   -   ,  1.2M    ↓     1.2% ,2.78
878, 878     ↓    1  ,   welovekamikaze ,  Entertainment  , 8.87M ↑  0.2% ,  1.6M   ↑   0.2% ,1.1
879, 879   ↑   3  ,   The Infographics Show ,  Education  , 8.86M ↑  0.3% ,  278.58K    ↓     12.1% ,3.23
880, 880     ↓    4  ,   Miniminter ,  Entertainment  , 8.86M ↑  0.1% ,  2.64M    ↓     4.6% ,3.94
881, 881     ↓    3  ,   DemolitionRanch ,  Sports  , 8.86M ↑  0.2% ,  2.81M    ↓     7.4% ,4.65
882, 882     ↓    1  ,   OneRepublic ,  Music  , 8.85M ↑  0.2% ,  1.76M   ↑   0.7% ,1.11
883, 883   ↑   9  ,   Crescendo com Luluca ,  People & Blogs  , 8.85M ↑  0.9% ,  1.24M    ↓     0.4% ,3.71
884, 884   ↑   4  ,   Crazy Frog ,  Music  , 8.84M ↑  0.7% ,  281.44M   ↑   0.8% ,1.11
885, 885     ↓    6  ,   Denis ,  Gaming  , 8.84M ↑  0.1% ,  420.33K    ↓     2% ,3.01
886, 886   ↑   7  ,   DisneyJuniorUK ,  Entertainment  , 8.83M ↑  0.7% ,  328.19K   ↑   17% ,2.63
887, 887     ↓    3  ,   YosStoP ,  Entertainment  , 8.83M ↑  0.1% ,  328.26K   ↑   0.6% ,2.68
888, 888     ↓    2  ,   Morphle TV ,  Entertainment  , 8.82M ↑  0.3% ,  251.81K    ↓     8.2% ,2.34
889, 889   ↑   1  ,   eltrece ,  Entertainment  , 8.82M ↑  0.5% ,  12.69K    ↓     31.4% ,2.53
890, 890     ↓    7  ,   HelloMaphie ,  Entertainment  , 8.81M   ↓   0.1% ,  53.54M   ↑   0% ,0.93
891, 891   ↑   13  ,   Planet Earth INDIA ,  Education  , 8.81M ↑  1.6% ,  1.97M   ↑   30.6% ,4.12
892, 892     ↓    3  ,   Slogo ,  Gaming  , 8.81M ↑  0.3% ,  608.34K   ↑   2.5% ,3.75
893, 893     ↓    2  ,   SmarterEveryDay ,  Science & Technology  , 8.8M ↑  0.3% ,  3.87M    ↓     0.6% ,4.13
894, 894     ↓    7  ,   Warner Bros. Pictures ,  Entertainment  , 8.8M ↑  0.1% ,  8.12M   ↑   1% ,4.43
895, 895   ↑   1  ,   Liova and Toys ,  Education  , 8.79M ↑  0.6% ,  97.87M   ↑   1.8% ,1.06
896, 896   ↑   3  ,   YOLO AVENTURAS ,  Entertainment  , 8.79M ↑  0.9% ,  2.53M    ↓     0.9% ,4.76
897, 897     -   ,   Will Smith ,  Entertainment  , 8.77M ↑  0.6% ,  2.32M    ↓     3.1% ,2.87
898, 898     ↓    4  ,   Dynamo Gaming ,  Gaming  , 8.76M ↑  0.1% ,  1.49M   ↑   1.4% ,4.34
899, 899   ↑   46  ,   Techno Gamerz ,  Gaming  , 8.74M ↑  3.3% ,  6.65M   ↑   3.4% ,4.95
900, 900     ↓    2  ,   Sonotek Haryanvi ,  Music  , 8.73M ↑  0.2% ,  88.25K   ↑   1.4% ,2.73
901, 901   ↑   42  ,   anasala family I أنس و أصالة ,  Entertainment  , 8.72M ↑  2.9% ,  7.4M    ↓     1.5% ,4.88
902, 902     ↓    2  ,   Luan Palomera ,  Entertainment  , 8.72M ↑  0.2% ,  1.63M    ↓     5.6% ,3.38
903, 903     ↓    1  ,   Irmãos Berti ,  People & Blogs  , 8.7M ↑  0.1% ,  217.56K    ↓     6.8% ,3.13
904, 904     ↓    1  ,   Izabela Stress ,  Howto & Style  , 8.69M ↑  0.1% ,  116.46K    ↓     1.4% ,2.64
905, 905     -   ,   HikakinTV ,  Entertainment  , 8.69M ↑  0.2% ,  2.39M    ↓     5.8% ,4.44
906, 906   ↑   4  ,   karameeshchannel ,  Music  , 8.69M ↑  0.5% ,  2.34M   ↑   11.3% ,3.65
907, 907   ↑   1  ,   aLexBY11 ,  Gaming  , 8.68M ↑  0.2% ,  362.76K    ↓     0.2% ,2.72
908, 908     ↓    7  ,   Jen Smith ,  People & Blogs  , 8.68M   ↓   0.1% ,  121.98K   ↑   2.4% ,1.83
909, 909     ↓    3  ,   Vox ,  News & Politics  , 8.68M ↑  0.2% ,  661.29K    ↓     11.6% ,3.26
910, 910   ↑   1  ,   POCOYÓ en ESPAÑOL - Canal Oficial ,  Film & Animation  , 8.68M ↑  0.4% ,  1.09M   ↑   18.8% ,3.5
911, 911   ↑   9  ,   Unspeakable ,  People & Blogs  , 8.67M ↑  0.9% ,  4.87M    ↓     5.6% ,4.96
912, 912     -   ,   ครูนกเล็ก ,  Entertainment  , 8.67M ↑  0.2% ,  343.29K   ↑   24% ,2.75
913, 913   ↑   23  ,   Great Indian Comedy ,  Film & Animation  , 8.66M ↑  1.8% ,  144.25K    ↓     36.9% ,3.07
914, 914     ↓    1  ,   Jaiden Animations ,  Film & Animation  , 8.66M ↑  0.2% ,  16.46M   ↑   3% ,4.02
915, 915     ↓    6  ,   Patty Mayo ,  People & Blogs  , 8.66M ↑  0.1% ,  369.53K    ↓     12.6% ,3
916, 916     ↓    9  ,   Proximity ,  Entertainment  , 8.66M   -   ,  125.33K    ↓     0.3% ,2.56
917, 917   ↑   1  ,   Cartoon Network ,  Entertainment  , 8.66M ↑  0.7% ,  19.71K    ↓     37.3% ,2.78
918, 918     ↓    2  ,   Canal Top10 ,  Entertainment  , 8.63M ↑  0.2% ,  691K   ↑   8% ,2.68
919, 919   ↑   8  ,   Alex Gonzaga Official ,  People & Blogs  , 8.63M ↑  0.7% ,  4.58M   ↑   1.9% ,4.51
920, 920     ↓    5  ,   BRKsEDU ,  Gaming  , 8.63M ↑  0.1% ,  175.02K    ↓     9.9% ,2.99
921, 921     ↓    4  ,   핑크퐁 (인기 동요・동화) ,  Education  , 8.63M ↑  0.4% ,  72.74K    ↓     15% ,2.5
922, 922     ↓    8  ,   Funny Stop Motion videos ,  Entertainment  , 8.61M   ↓   0.1% ,  24.35K    ↓     1.8% ,1.11
923, 923   ↑   5  ,   Yair17 ,  Gaming  , 8.61M ↑  0.5% ,  1.98M    ↓     1.2% ,4.75
924, 924     ↓    1  ,   Desimpedidos ,  Sports  , 8.6M ↑  0.2% ,  817.49K   ↑   13.1% ,3.24
925, 925   ↑   8  ,"   せんももあいしーCh Sen, Momo, Ai & Shii ",  People & Blogs  , 8.59M ↑  0.8% ,  91.64K   ↑   26.3% ,2.53
926, 926     -   ,   БЕРИ И ДЕЛАЙ ,  Howto & Style  , 8.59M ↑  0.2% ,  128.65K   ↑   5.8% ,3
927, 927     ↓    2  ,   Haschak Sisters ,  Entertainment  , 8.59M ↑  0.2% ,  4.55M   ↑   2.2% ,1.9
928, 928     ↓    9  ,   The X Factor UK ,  Entertainment  , 8.59M   -   ,  59.4K    ↓     0.3% ,2.53
929, 929   ↑   1  ,   Study IQ education ,  Education  , 8.59M ↑  0.6% ,  45.21K   ↑   30.3% ,2.74
930, 930   ↑   11  ,   FrontaL Gaming ,  Gaming  , 8.59M ↑  1.3% ,  2.58M    ↓     4.6% ,4.8
931, 931     ↓    9  ,   Mussoumano ,  Music  , 8.59M ↑  0.1% ,  1.66M   ↑   1.9% ,2.77
932, 932     ↓    11  ,   Colleen Ballinger ,  Comedy  , 8.58M   -   ,  922.32K   ↑   1.1% ,2.65
933, 933     -   ,   MrBeast Gaming ,  Gaming  , 8.58M   -   ,  11.3M    -    ,4.95
934, 934     ↓    3  ,   NDTV ,  News & Politics  , 8.57M ↑  0.5% ,  7.22K    ↓     42.2% ,2.47
935, 935     ↓    11  ,   Аид [VyacheslavOO] ,  Gaming  , 8.57M   -   ,  1.03M    ↓     1.8% ,2.44
936, 936     ↓    7  ,   Karol Sevilla ,  Entertainment  , 8.56M ↑  0.1% ,  891.4K   ↑   0.9% ,0.93
937, 937     ↓    2  ,   Goldmines Housefull ,  Film & Animation  , 8.55M ↑  0.5% ,  268.02K   ↑   77.6% ,2.55
938, 938     ↓    4  ,   Vogue ,  Howto & Style  , 8.55M ↑  0.5% ,  1.4M    ↓     3.2% ,4.13
939, 939     -   ,   Arcangel ,  Music  , 8.54M ↑  0.6% ,  29.87M   ↑   0.7% ,3.71
940, 940     ↓    2  ,   TWICE ,  Music  , 8.54M ↑  0.6% ,  827.45K   ↑   11% ,3.26
941, 941     ↓    9  ,   Ini Talk Show ,  Comedy  , 8.53M ↑  0.1% ,  119.09K   ↑   1.7% ,1.16
942, 942     ↓    5  ,   elcarteldesantatv ,  Sports  , 8.53M ↑  0.4% ,  2.82M    ↓     42.9% ,1.17
943, 943   ↑   7  ,   हिंदी - Genevieve's Playhouse ,  Education  , 8.51M ↑  0.9% ,  25.85M   ↑   1.5% ,4.29
944, 944   ↑   2  ,   Wave Music - Bhakti ,  Music  , 8.51M ↑  0.7% ,  11.36K    ↓     33.4% ,2.98
945, 945     ↓    3  ,   Games EduUu ,  Gaming  , 8.51M ↑  0.5% ,  2.15M   ↑   2.2% ,4.37
946, 946     ↓    6  ,   freekickerz ,  Sports  , 8.49M ↑  0.1% ,  805.57K   ↑   0.1% ,2.21
947, 947   ↑   2  ,   Come Play With Me ,  Entertainment  , 8.49M ↑  0.7% ,  13.62M   ↑   9.8% ,4.14
948, 948     ↓    3  ,   Stephen Sharer ,  Entertainment  , 8.47M ↑  0.1% ,  1.29M    ↓     2.9% ,3.83
949, 949     ↓    1  ,   Дима Масленников ,  Entertainment  , 8.47M ↑  0.5% ,  4.28M    ↓     5.3% ,3.79
950, 950   ↑   7  ,   Rawan and Rayan ,  People & Blogs  , 8.46M ↑  0.6% ,  2.15M   ↑   1.5% ,4.67
951, 951   ↑   6  ,   Rawan and Rayan ,  People & Blogs  , 8.46M ↑  0.6% ,  2.15M   ↑   1.5% ,4.67
952, 952     ↓    1  ,   Zach King ,  Entertainment  , 8.46M ↑  0.5% ,  5.42M   ↑   0.1% ,4.58
953, 953   ↑   13  ,   João Caetano ,  Entertainment  , 8.45M ↑  1% ,  1.47M   ↑   5.6% ,3.77
954, 954     ↓    7  ,   MBCkpop ,  Music  , 8.45M ↑  0.2% ,  53K    ↓     21.6% ,2.74
955, 955   ↑   1  ,   Gustavo Paródias ,  Comedy  , 8.44M ↑  0.4% ,  2.12M    ↓     6.7% ,2.84
956, 956     ↓    3  ,   rsfriends ,  Music  , 8.43M ↑  0.2% ,  93.23K   ↑   6.4% ,1.09
957, 957   ↑   3  ,   Lady Diana ,  Entertainment  , 8.43M ↑  0.6% ,  2.67M    ↓     2.2% ,4.74
958, 958     -   ,   Camilo ,  Music  , 8.43M   -   ,  4.46M    -    ,1.19
959, 959     ↓    1  ,   123 GO! ,  People & Blogs  , 8.43M ↑  0.4% ,  7.51M    ↓     7.8% ,4.82
960, 960   ↑   7  ,   Lorrayne Oliveira ,  Entertainment  , 8.43M ↑  0.7% ,  1.16M   ↑   4.7% ,3.57
961, 961     ↓    9  ,   Caso Cerrado ,  Entertainment  , 8.43M ↑  0.2% ,  1.24M    ↓     1.9% ,3.57
962, 962   ↑   2  ,   Black Eyed Peas ,  Music  , 8.42M ↑  0.5% ,  2.8M   ↑   0.8% ,2.73
963, 963     -   ,   Akon ,  Music  , 8.42M ↑  0.5% ,  534.63K   ↑   0.4% ,1.87
964, 964   ↑   17  ,   Kim Loaiza ,  Music  , 8.41M ↑  1% ,  70.14M   ↑   1.7% ,4.13
965, 965     ↓    10  ,   Natalies Outlet ,  Howto & Style  , 8.41M   -   ,  420.17K    ↓     6.9% ,2.62
966, 966     ↓    7  ,   Pica - Pica Oficial ,  Music  , 8.41M ↑  0.2% ,  577.4K   ↑   6.4% ,1.85
967, 967     ↓    13  ,   Lizbeth Rodriguez ,  Entertainment  , 8.41M   -   ,  113.19K    ↓     0.7% ,2.71
968, 968     -   ,   Knowledge Tv हिन्दी ,  Education  , 8.41M ↑  0.5% ,  219.31K   ↑   25.5% ,2.94
969, 969   ↑   4  ,   Yoga With Adriene ,  Howto & Style  , 8.4M ↑  0.5% ,  949.4K   ↑   1.3% ,2.98
970, 970     ↓    9  ,   Muca Muriçoca ,  Entertainment  , 8.4M ↑  0.2% ,  2.2M   ↑   0.8% ,1.49
971, 971   ↑   5  ,   The Daily Show with Trevor Noah ,  Comedy  , 8.4M ↑  0.7% ,  795.29K   ↑   39.3% ,3.95
972, 972     ↓    3  ,   Kênh Thiếu Nhi - BHMEDIA ,  Music  , 8.4M ↑  0.5% ,  41.41K   ↑   52.7% ,2.59
973, 973     ↓    8  ,   LastWeekTonight ,  Entertainment  , 8.39M ↑  0.2% ,  7.66M    ↓     3% ,4.03
974, 974   ↑   3  ,   BBC News ,  News & Politics  , 8.39M ↑  0.6% ,  108.49K   ↑   25.7% ,2.49
975, 975     ↓    1  ,   YoungBoy Never Broke Again ,  Music  , 8.39M ↑  0.5% ,  1.54M   ↑   46.5% ,4.33
976, 976     ↓    14  ,   Life Hacks & Experiments ,  Science & Technology  , 8.39M ↑  0.1% ,  281.69K    ↓     16.9% ,2.77
977, 977     ↓    5  ,   Prince Royce ,  People & Blogs  , 8.38M ↑  0.2% ,  14.37K    -    ,0.91
978, 978   ↑   16  ,   Hero Movies 2020 ,  People & Blogs  , 8.37M ↑  1% ,  3.45M   ↑   8.1% ,4.43
979, 979     ↓    9  ,   Thơ Nguyễn ,  People & Blogs  , 8.37M ↑  0.1% ,  2.39M    ↓     2.1% ,4.53
980, 980   ↑   2  ,   Levinho ,  Gaming  , 8.36M ↑  0.5% ,  773.92K    ↓     15.2% ,4.15
981, 981   ↑   10  ,   Wow Kidz Action ,  Entertainment  , 8.36M ↑  0.7% ,  959.78K    ↓     9.9% ,3.83
982, 982     ↓    7  ,   CJ SO COOL ,  Entertainment  , 8.35M ↑  0.1% ,  1.03M    ↓     3.6% ,3.44
983, 983   ↑   4  ,   T-Series Hamaar Bhojpuri ,  Music  , 8.35M ↑  0.5% ,  72.35K   ↑   6.9% ,2.59
984, 984   ↑   14  ,   Avocado Couple I Crazy Comics ,  Film & Animation  , 8.35M ↑  1% ,  2.33M    ↓     6.8% ,4.63
985, 985     ↓    7  ,   Sofia Castro ,  Entertainment  , 8.35M ↑  0.1% ,  2.81M   ↑   0.5% ,3.24
986, 986   ↑   2  ,   Telugu Filmnagar ,  Entertainment  , 8.34M ↑  0.5% ,  7.69K    ↓     82.6% ,3.2
987, 987     ↓    7  ,   BIBI ,  Entertainment  , 8.34M ↑  0.1% ,  161.29K    ↓     6% ,2.61
988, 988   ↑   12  ,   News24 ,  News & Politics  , 8.33M ↑  0.9% ,  32.24K   ↑   380.1% ,2.4
989, 989     ↓    10  ,   TheBrainDit ,  Gaming  , 8.33M   -   ,  52.47K   ↑   26.7% ,2.71
990, 990     ↓    5  ,   FaZe Clan ,  Gaming  , 8.33M ↑  0.2% ,  2.3M   ↑   2.8% ,4.29
991, 991     -   ,   Davie504 ,  Entertainment  , 8.32M   -   ,  1.8M    -    ,4.45
992, 992     ↓    2  ,   truly ,  News & Politics  , 8.32M ↑  0.2% ,  195.84K   ↑   15.5% ,2.38
993, 993     ↓    7  ,   FutParódias ,  Sports  , 8.32M ↑  0.1% ,  2.1M   ↑   3.3% ,4.55
994, 994     ↓    11  ,   MeghanTrainorVEVO ,  Music  , 8.31M   ↓   0.1% ,  288.82K   ↑   0.7% ,1.95
995, 995     -   ,   O Reino Infantil ,  Music  , 8.31M   -   ,  121.87K    -    ,2.92
996, 996     ↓    12  ,   grav3yardgirl ,  Howto & Style  , 8.31M   -   ,  217.41K    ↓     4.4% ,2.53
997, 997     ↓    8  ,   EverythingApplePro ,  Science & Technology  , 8.3M   -   ,  1.49M    ↓     0.9% ,3.62
998, 998     ↓    6  ,   Facts Verse ,  Entertainment  , 8.3M ↑  0.1% ,  25.19K   ↑   34.3% ,2.98
999, 999     ↓    2  ,   Mamix? ,  People & Blogs  , 8.29M ↑  0.2% ,  6.98M   ↑   0.8% ,4.35
1000, 1000     ↓    4  ,   POPS MUSIC ,  Music  , 8.29M ↑  0.2% ,  5.2K    ↓     16.5% ,2.57
